Nr.;"in SALSA instrument list Stand 05.05.21";P&ID TAG, if appl.;BESCHREIBUNG;MESSBEREICH von;MESSBEREICH bis;EINHEIT;SIGNAL VON;SIGNAL NACH;DATENTYP;ADRESSE;Volumen [byte];Auflösung [phys. Einh.];Signaltest erfolgreich am;Kommentar;Transmitter;Aufbau
1;Ja;TIR-HMS10-CT003;Temperatur Salztank ;0;620;°C;PCS7-IO-Controller;IO-Device;Scaled REAL;AW2000;2;0,03875; ; ; ;
2;Ja;PDIR-HMS10-CP001;Druck Einlasstank f. Levelmessung;0;30;barü;PCS7-IO-Controller;IO-Device;Scaled REAL;AW2002;2;0,001875; ; ; ;
3;Ja;TIR-HMS10-CT004;Temperatur Einlasstank Überwachung Max Temp Einlasstank;0;620;°C;PCS7-IO-Controller;IO-Device;Scaled REAL;AW2004;2;0,03875; ; ; ;
4;Ja;TIR-HMS10-CT002;Temperatur Receiverzulauf;0;620;°C;PCS7-IO-Controller;IO-Device;Scaled REAL;AW2006;2;0,03875; ; ; ;
5;Ja;PIR-HMS20-CP001;Druck Receiverzulauf ;0;30;barü;PCS7-IO-Controller;IO-Device;Scaled REAL;AW2008;2;0,001875; ; ; ;
6;Ja;TIR-HMS20-CT001;Temperatur Sammler/Verteiler Receiver;0,5;620;°C;PCS7-IO-Controller;IO-Device;Scaled REAL;AW2010;2;0,03875; ; ; ;
7;Ja;TIR-HMS20-CT002;Temperatur Sammler/Verteiler Receiver;0;620;°C;PCS7-IO-Controller;IO-Device;Scaled REAL;AW2012;2;0,03875; ; ; ;
8;Ja;TIR-HMS20-CT003;Temperatur Sammler/Verteiler Receiver;0;620;°C;PCS7-IO-Controller;IO-Device;Scaled REAL;AW2014;2;0,03875; ; ; ;
9;Ja;TIR-HMS20-CT004;Temperatur Sammler/Verteiler Receiver;0;620;°C;PCS7-IO-Controller;IO-Device;Scaled REAL;AW2016;2;0,03875; ; ; ;
10;Ja;TIR-HMS20-CT005;Temperatur Sammler/Verteiler Receiver;0;620;°C;PCS7-IO-Controller;IO-Device;Scaled REAL;AW2018;2;0,03875; ; ; ;
11;Ja;TIR-HMS20-CT006;Temperatur Sammler/Verteiler Receiver;0;620;°C;PCS7-IO-Controller;IO-Device;Scaled REAL;AW2020;2;0,03875; ; ; ;
12;Ja;TIR-HMS20-CT007;Temperatur Sammler/Verteiler Receiver;0;620;°C;PCS7-IO-Controller;IO-Device;Scaled REAL;AW2022;2;0,03875; ; ; ;
13;Ja;TIR-HMS20-CT008;Temperatur Sammler/Verteiler Receiver;0;620;°C;PCS7-IO-Controller;IO-Device;Scaled REAL;AW2024;2;0,03875; ; ; ;
14;Ja;TIR-HMS20-CT009;Temperatur Sammler/Verteiler Receiver;0;620;°C;PCS7-IO-Controller;IO-Device;Scaled REAL;AW2026;2;0,03875; ; ; ;
15;Ja;TIR-HMS20-CT018;Wandtemperatur Header unten;0;700;°C;PCS7-IO-Controller;IO-Device;Scaled REAL;AW2028;2;0,04375; ; ; ;
16;Ja;TIR-HMS20-CT020;Wandtemperatur Header oben;0;700;°C;PCS7-IO-Controller;IO-Device;Scaled REAL;AW2030;2;0,04375; ; ; ;
17;Ja;TIR-HMS20-CT031;Temperaturen Receiver;0;800;°C;PCS7-IO-Controller;IO-Device;Scaled REAL;AW2032;2;0,05; ; ; ;
18;Ja;TIR-HMS20-CT032;Temperaturen Receiver;0;800;°C;PCS7-IO-Controller;IO-Device;Scaled REAL;AW2034;2;0,05; ; ; ;
19;Ja;TIR-HMS20-CT033;Temperaturen Receiver;0;800;°C;PCS7-IO-Controller;IO-Device;Scaled REAL;AW2036;2;0,05; ; ; ;
20;Ja;TIR-HMS20-CT034;Temperaturen Receiver;0;800;°C;PCS7-IO-Controller;IO-Device;Scaled REAL;AW2038;2;0,05; ; ; ;
21;Ja;TIR-HMS20-CT035;Temperaturen Receiver;0;800;°C;PCS7-IO-Controller;IO-Device;Scaled REAL;AW2040;2;0,05; ; ; ;
22;Ja;TIR-HMS20-CT036;Temperaturen Receiver;0;800;°C;PCS7-IO-Controller;IO-Device;Scaled REAL;AW2042;2;0,05; ; ; ;
23;Ja;TIR-HMS20-CT037;Temperaturen Receiver;0;800;°C;PCS7-IO-Controller;IO-Device;Scaled REAL;AW2044;2;0,05; ; ; ;
24;Ja;TIR-HMS20-CT038;Temperaturen Receiver;0;800;°C;PCS7-IO-Controller;IO-Device;Scaled REAL;AW2046;2;0,05; ; ; ;
25;Ja;TIR-HMS20-CT039;Temperaturen Receiver;0;800;°C;PCS7-IO-Controller;IO-Device;Scaled REAL;AW2048;2;0,05; ; ; ;
26;Ja;TIR-HMS20-CT040;Temperaturen Receiver;0;800;°C;PCS7-IO-Controller;IO-Device;Scaled REAL;AW2050;2;0,05; ; ; ;
27;Ja;TIR-HMS20-CT041;Temperaturen Receiver;0;800;°C;PCS7-IO-Controller;IO-Device;Scaled REAL;AW2052;2;0,05; ; ; ;
28;Ja;TIR-HMS20-CT042;Temperaturen Receiver;0;800;°C;PCS7-IO-Controller;IO-Device;Scaled REAL;AW2054;2;0,05; ; ; ;
29;Ja;TIR-HMS20-CT043;Temperaturen Receiver;0;800;°C;PCS7-IO-Controller;IO-Device;Scaled REAL;AW2056;2;0,05; ; ; ;
30;Ja;TIR-HMS20-CT044;Temperaturen Receiver;0;800;°C;PCS7-IO-Controller;IO-Device;Scaled REAL;AW2058;2;0,05; ; ; ;
31;Ja;TIR-HMS20-CT045;Temperaturen Receiver;0;800;°C;PCS7-IO-Controller;IO-Device;Scaled REAL;AW2060;2;0,05; ; ; ;
32;Ja;TIR-HMS20-CT046;Temperaturen Receiver;0;800;°C;PCS7-IO-Controller;IO-Device;Scaled REAL;AW2062;2;0,05; ; ; ;
33;Ja;PDIR-HMS30-CP001;Differenzdruck Receiver;0;30;barü;PCS7-IO-Controller;IO-Device;Scaled REAL;AW2064;2;0,001875; ; ; ;
34;Ja;PIR-HMS30-CP002;Druck Receiverauslass;0;10;barü;PCS7-IO-Controller;IO-Device;Scaled REAL;AW2066;2;0,000625; ;Gegendruck, näherungsweise konstant; ;
35;Ja;TIR-HMS30-CT005;Temperatur Auslasstank ;0;620;°C;PCS7-IO-Controller;IO-Device;Scaled REAL;AW2068;2;0,03875; ; ; ;
36;Ja;TIR-HMS30-CT002;Temperatur Kühlerzulauf;0;620;°C;PCS7-IO-Controller;IO-Device;Scaled REAL;AW2070;2;0,03875; ; ; ;
37;Ja;PIR-RPM40-CP003;"Druck Einlasstank redundant ";0;30;barü;PCS7-IO-Controller;IO-Device;Scaled REAL;AW2072;2;0,001875; ; ; ;
38;Ja;TIR-HMS50-CT001;Strahlungsschutz 1;0;1150;°C;PCS7-IO-Controller;IO-Device;Scaled REAL;AW2074;2;0,071875; ; ; ;
39;Ja;TIR-HMS50-CT002;Strahlungsschutz 2;0;1150;°C;PCS7-IO-Controller;IO-Device;Scaled REAL;AW2076;2;0,071875; ; ; ;
40;Ja;TIR-HMS50-CT003;Strahlungsschutz 3;0;1150;°C;PCS7-IO-Controller;IO-Device;Scaled REAL;AW2078;2;0,071875; ; ; ;
41;Ja;TIR-HMS50-CT004;Strahlungsschutz 4;0;1150;°C;PCS7-IO-Controller;IO-Device;Scaled REAL;AW2080;2;0,071875; ; ; ;
42;Ja;TIR-HMS50-CT005;Strahlungsschutz 5;0;1150;°C;PCS7-IO-Controller;IO-Device;Scaled REAL;AW2082;2;0,071875; ; ; ;
43;Ja;TIR-HMS50-CT006;Strahlungsschutz 6;0;1150;°C;PCS7-IO-Controller;IO-Device;Scaled REAL;AW2084;2;0,071875; ; ; ;
44;Ja;TIR-HMS50-CT007;Strahlungsschutz 7;0;1150;°C;PCS7-IO-Controller;IO-Device;Scaled REAL;AW2086;2;0,071875; ; ; ;
45;Ja;TIR-HMS50-CT008;Strahlungsschutz 8;0;1150;°C;PCS7-IO-Controller;IO-Device;Scaled REAL;AW2088;2;0,071875; ; ; ;
46;Ja;TIR-HMS50-CT009;Strahlungsschutz 9;0;1150;°C;PCS7-IO-Controller;IO-Device;Scaled REAL;AW2090;2;0,071875; ; ; ;
47;Ja;TIR-HMS50-CT010;Strahlungsschutz 10;0;1150;°C;PCS7-IO-Controller;IO-Device;Scaled REAL;AW2092;2;0,071875; ; ; ;
48;Ja;TIR-HMS50-CT011;Rückseite Rohre Receiver 1;0;700;°C;PCS7-IO-Controller;IO-Device;Scaled REAL;AW2094;2;0,04375; ; ; ;
49;Ja;TIR-HMS50-CT012;Rückseite Rohre Receiver 2;0;700;°C;PCS7-IO-Controller;IO-Device;Scaled REAL;AW2096;2;0,04375; ; ; ;
50;Ja;TIR-HMS50-CT013;Rückseite Rohre Receiver 3;0;700;°C;PCS7-IO-Controller;IO-Device;Scaled REAL;AW2098;2;0,04375; ; ; ;
51;Ja;TIR-HMS50-CT014;Rückseite Rohre Receiver 4;0;700;°C;PCS7-IO-Controller;IO-Device;Scaled REAL;AW2100;2;0,04375; ; ; ;
52;Ja;TIR-HMS50-CT015;Rückseite Rohre Receiver 5;0;700;°C;PCS7-IO-Controller;IO-Device;Scaled REAL;AW2102;2;0,04375; ; ; ;
53;Ja;TIR-HMS50-CT016;Rückseite Rohre Receiver 6;0;700;°C;PCS7-IO-Controller;IO-Device;Scaled REAL;AW2104;2;0,04375; ; ; ;
54;Ja;TIR-HMS50-CT017;Rückseite Rohre Receiver 7;0;700;°C;PCS7-IO-Controller;IO-Device;Scaled REAL;AW2106;2;0,04375; ; ; ;
55;Ja;TIR-HMS50-CT018;Rückseite Rohre Receiver 8;0;700;°C;PCS7-IO-Controller;IO-Device;Scaled REAL;AW2108;2;0,04375; ; ; ;
56;Ja;TIR-HMS50-CT019;Rückseite Rohre Receiver 9;0;700;°C;PCS7-IO-Controller;IO-Device;Scaled REAL;AW2110;2;0,04375; ; ; ;
57;Ja;TIR-HMS50-CT020;Rückseite Rohre Receiver 10;0;700;°C;PCS7-IO-Controller;IO-Device;Scaled REAL;AW2112;2;0,04375; ; ; ;
58;Ja;TIR-HMS50-CT021;Rückseite Rohre Receiver 11;0;700;°C;PCS7-IO-Controller;IO-Device;Scaled REAL;AW2114;2;0,04375; ; ; ;
59;Ja;TIR-HMS50-CT022;Rückseite Rohre Receiver 12;0;700;°C;PCS7-IO-Controller;IO-Device;Scaled REAL;AW2116;2;0,04375; ; ; ;
60;Ja;TIR-HMS50-CT023;Rückseite Rohre Receiver 13;0;700;°C;PCS7-IO-Controller;IO-Device;Scaled REAL;AW2118;2;0,04375; ; ; ;
61;Ja;TIR-HMS50-CT024;Rückseite Rohre Receiver 14;0;700;°C;PCS7-IO-Controller;IO-Device;Scaled REAL;AW2120;2;0,04375; ; ; ;
62;Ja;TIR-HMS50-CT025;Rückseite Rohre Receiver 15;0;700;°C;PCS7-IO-Controller;IO-Device;Scaled REAL;AW2122;2;0,04375; ; ; ;
63;Ja;TIR-HMS50-CT026;Rückseite Rohre Receiver 16;0;700;°C;PCS7-IO-Controller;IO-Device;Scaled REAL;AW2124;2;0,04375; ; ; ;
64;Ja;TIR-HMS50-CT027;Rückseite Rohre Receiver 17;0;700;°C;PCS7-IO-Controller;IO-Device;Scaled REAL;AW2126;2;0,04375; ; ; ;
65;Ja;TIR-HMS50-CT028;Rückseite Rohre Receiver 18;0;700;°C;PCS7-IO-Controller;IO-Device;Scaled REAL;AW2128;2;0,04375; ; ; ;
66;Ja;TIR-HMS50-CT029;Rückseite Rohre Receiver 19;0;700;°C;PCS7-IO-Controller;IO-Device;Scaled REAL;AW2130;2;0,04375; ; ; ;
67;Ja;TIR-HMS50-CT030;Rückseite Rohre Receiver 20;0;700;°C;PCS7-IO-Controller;IO-Device;Scaled REAL;AW2132;2;0,04375; ; ; ;
68;Ja;TIR-HMS50-CT031;Rückseite Rohre Receiver 21;0;700;°C;PCS7-IO-Controller;IO-Device;Scaled REAL;AW2134;2;0,04375; ; ; ;
69;Ja;TIR-HMS50-CT032;Rückseite Rohre Receiver 22;0;700;°C;PCS7-IO-Controller;IO-Device;Scaled REAL;AW2136;2;0,04375; ; ; ;
70;Ja;TIR-HMS50-CT033;Rückseite Rohre Receiver 23;0;700;°C;PCS7-IO-Controller;IO-Device;Scaled REAL;AW2138;2;0,04375; ; ; ;
71;Ja;TIR-HMS50-CT034;Rückseite Rohre Receiver 24;0;700;°C;PCS7-IO-Controller;IO-Device;Scaled REAL;AW2140;2;0,04375; ; ; ;
72;Ja;TIR-HMS50-CT035;Rückseite Rohre Receiver 25;0;700;°C;PCS7-IO-Controller;IO-Device;Scaled REAL;AW2142;2;0,04375; ; ; ;
73;Ja;TIR-HMS50-CT036;Rückseite Rohre Receiver 26;0;700;°C;PCS7-IO-Controller;IO-Device;Scaled REAL;AW2144;2;0,04375; ; ; ;
74;Ja;TIR-HMS50-CT037;Rückseite Rohre Receiver 27;0;700;°C;PCS7-IO-Controller;IO-Device;Scaled REAL;AW2146;2;0,04375; ; ; ;
75;Ja;TIR-HMS50-CT038;Rückseite Rohre Receiver 28;0;700;°C;PCS7-IO-Controller;IO-Device;Scaled REAL;AW2148;2;0,04375; ; ; ;
76;Ja;TIR-HMS50-CT039;Rückseite Rohre Receiver 29;0;700;°C;PCS7-IO-Controller;IO-Device;Scaled REAL;AW2150;2;0,04375; ; ; ;
77;Ja;TIR-HMS50-CT040;Rückseite Rohre Receiver 30;0;700;°C;PCS7-IO-Controller;IO-Device;Scaled REAL;AW2152;2;0,04375; ; ; ;
78;Ja;TIR-HMS50-CT041;Rückseite Rohre Receiver 31;0;700;°C;PCS7-IO-Controller;IO-Device;Scaled REAL;AW2154;2;0,04375; ; ; ;
79;Ja;TIR-HMS50-CT042;Rückseite Rohre Receiver 32;0;700;°C;PCS7-IO-Controller;IO-Device;Scaled REAL;AW2156;2;0,04375; ; ; ;
80;Ja;TIR-HMS50-CT043;Einlasstemperatur Receiver 1;0;620;°C;PCS7-IO-Controller;IO-Device;Scaled REAL;AW2158;2;0,03875; ; ; ;
81;Ja;TIR-HMS50-CT044;Einlasstemperatur Receiver 2;0;620;°C;PCS7-IO-Controller;IO-Device;Scaled REAL;AW2160;2;0,03875; ; ; ;
82;Ja;TIR-HMS50-CT045;Auslasstemperatur Receiver 1;0;620;°C;PCS7-IO-Controller;IO-Device;Scaled REAL;AW2162;2;0,03875; ; ; ;
83;Ja;TIR-HMS50-CT046;Auslasstemperatur Receiver 2;0;620;°C;PCS7-IO-Controller;IO-Device;Scaled REAL;AW2164;2;0,03875; ; ; ;
84;Ja;TIR-HMS50-CT047;Umgebungstemperatur PE;0;60;°C;PCS7-IO-Controller;IO-Device;Scaled REAL;AW2166;2;0,00375; ; ; ;
85;Ja;TIR-HMS50-CT048;Umgebungstemperatur VE;0;620;°C;PCS7-IO-Controller;IO-Device;Scaled REAL;AW2168;2;0,03875; ; ; ;
86;Ja;TIR-HMS20-CT058;Wandtemperatur Verbindungsbögen Receiver (oben) ;0;700;°C;PCS7-IO-Controller;IO-Device;Scaled REAL;AW2170;2;0,04375; ; ; ;
87;Ja;TIR-HMS20-CT060;Wandtemperatur Verbindungsbögen Receiver (unten) ;0;700;°C;PCS7-IO-Controller;IO-Device;Scaled REAL;AW2172;2;0,04375; ; ; ;
88;Ja;FIRC-HMS10-DF002;Durchfluss Receiverzulauf; ; ; ;PCS7-IO-Controller;IO-Device;Scaled REAL;AW2174;2;0; ;nur im Normalbetrieb, alternativ Differenzdruckmessung, Einheit und Wertebereich unklar; ;
89;Ja;TIRC-HMS30-DT001;Auslasstemperatur Receiver;0;620;°C;PCS7-IO-Controller;IO-Device;Scaled REAL;AW2176;2;0,03875; ; ; ;
90;Ja;TIRC-HMS30-DT003;Auslasstemperatur Kühler; ; ; ;PCS7-IO-Controller;IO-Device;Scaled REAL;AW2178;2;0; ;genauer Wertbereich uns nicht bekannt; ;
91;Ja;GOS-HMS10-CG102;Endlagenschalter Ventil HMS10 AA002 (Stellwert Regelventil Receiverzulauf);0;100;%;PCS7-IO-Controller;IO-Device;Scaled REAL;AW2180;2;0,00625; ;genauer Wertbereich uns nicht bekannt; ;
92;Ja;GOS-RPM30-CG106;Endlagenschalter Ventil HMS30 AA006 (Stellwert Regelventil Kühlerauslass);0;100;%;PCS7-IO-Controller;IO-Device;Scaled REAL;AW2182;2;0,00625; ;genauer Wertbereich uns nicht bekannt; ;
93;Ja;SIC-HMS10-CN001;FU Salzpumpe HMS10 AP001;0;100;%;PCS7-IO-Controller;IO-Device;Scaled REAL;AW2184;2;0,00625; ;genauer Wertbereich uns nicht bekannt; ;
94;Ja;LIR-HMS10-CL004;Füllstand Einlasstank diverse Messung ;0;2050;mm;PCS7-IO-Controller;IO-Device;Scaled REAL;AW2186;2;0,128125; ; ; ;
95;Ja;LIR-HMS30-CL003;Füllstand Auslasstank;0;1760;mm;PCS7-IO-Controller;IO-Device;Scaled REAL;AW2188;2;0,11; ; ; ;
96;Ja;LIR-HMS10-CL001;Füllstand Salztank;0;1200;mm;PCS7-IO-Controller;IO-Device;Scaled REAL;AW2190;2;0,075; ; ; ;
97; ;CG-HMS50-CF020;Freigabe SALSA (an HeliOS); ; ; ;PCS7-IO-Controller;IO-Device;BOOL;AW2192.0;0,125;N/A; ;Referenzsignal für Normalbetrieb?!; ;
98; ;CG-HMS50-CF021;Freigabe Vorwärmen (an HeliOS); ; ; ;PCS7-IO-Controller;IO-Device;BOOL;AW2192.1;0,125;N/A; ;Referenzsignal für Normalbetrieb?!; ;
99; ;CG-HMS50-CF022;Defokus Lastheliostaten (an HeliOS); ; ; ;PCS7-IO-Controller;IO-Device;BOOL;AW2192.2;0,125;N/A; ;Referenzsignal für Normalbetrieb?!; ;
100; ;CG-HMS50-CF023;Lastfreigabe SALSA (an HeliOS); ; ; ;PCS7-IO-Controller;IO-Device;BOOL;AW2192.3;0,125;N/A; ;Referenzsignal für Normalbetrieb?!; ;
101; ;CG-HMS50-CF024;Standby SALSA (von HeliOS) ; ; ; ;PCS7-IO-Controller;IO-Device;BOOL;AW2192.4;0,125;N/A; ; ; ;
102; ;CG-HMS50-CF025;"Fokus Vorwärmheliostaten (von HeliOS) "; ; ; ;PCS7-IO-Controller;IO-Device;BOOL;AW2192.5;0,125;N/A; ; ; ;
103; ;CG-HMS50-CF026;"Lastsperre (Standby Lastheliostaten) (von HeliOS) "; ; ; ;PCS7-IO-Controller;IO-Device;BOOL;AW2192.6;0,125;N/A; ; ; ;
104; ;CG-HMS50-CF027;Defokus II INPUT (von DEFOKUS II-Steuerung); ; ; ;PCS7-IO-Controller;IO-Device;BOOL;AW2192.7;0,125;N/A; ;Referenzsignal für Normalbetrieb?!; ;
105; ;CG-HMS50-CF028;Defokus II OUTPUT (an DEFOKUS II-Steuerung); ; ; ;PCS7-IO-Controller;IO-Device;BOOL;AW2193.0;0,125;N/A; ;Referenzsignal für Normalbetrieb?!; ;
106; ;tbd;SPARE BOOL; ; ; ;PCS7-IO-Controller;IO-Device;BOOL;AW2193.1;0,125; ; ; ; ;
107; ;tbd;SPARE BOOL; ; ; ;PCS7-IO-Controller;IO-Device;BOOL;AW2193.2;0,125; ; ; ; ;
108; ;tbd;SPARE BOOL; ; ; ;PCS7-IO-Controller;IO-Device;BOOL;AW2193.3;0,125; ; ; ; ;
109; ;tbd;SPARE BOOL; ; ; ;PCS7-IO-Controller;IO-Device;BOOL;AW2193.4;0,125; ; ; ; ;
110; ;tbd;SPARE BOOL; ; ; ;PCS7-IO-Controller;IO-Device;BOOL;AW2193.5;0,125; ; ; ; ;
111; ;tbd;SPARE BOOL; ; ; ;PCS7-IO-Controller;IO-Device;BOOL;AW2193.6;0,125; ; ; ; ;
112; ;tbd;SPARE BOOL; ; ; ;PCS7-IO-Controller;IO-Device;BOOL;AW2193.7;0,125; ; ; ; ;
113; ;TIME_UINT32_A_1;UNIX Zeitstempel (POSIX ISO 9945); ; ;s;PCS7-IO-Controller;IO-Device;UDINT;AW2194;4;N/A; ; ; ;
114; ;TIME_UINT16_A_1;Lesbarer Zeitstempel, Jahr; ; ;yyyy;PCS7-IO-Controller;IO-Device;UINT;AW2198;2; ; ; ; ;
115; ;TIME_UINT16_A_2;Lesbarer Zeitstempel, Monat; ; ;mm;PCS7-IO-Controller;IO-Device;UINT;AW2200;2; ; ; ; ;
116; ;TIME_UINT16_A_3;Lesbarer Zeitstempel, Tag; ; ;dd;PCS7-IO-Controller;IO-Device;UINT;AW2202;2; ; ; ; ;
117; ;TIME_UINT16_A_4;Lesbarer Zeitstempel, Stunde; ; ;hh;PCS7-IO-Controller;IO-Device;UINT;AW2204;2; ; ; ; ;
118; ;TIME_UINT16_A_5;Lesbarer Zeitstempel, Minute; ; ;mm;PCS7-IO-Controller;IO-Device;UINT;AW2206;2; ; ; ; ;
119; ;TIME_UINT16_A_6;Lesbarer Zeitstempel, Sekunde; ; ;ss;PCS7-IO-Controller;IO-Device;UINT;AW2208;2; ; ; ; ;
120; ;TIME_UINT16_A_7;Lesbarer Zeitstempel, Millisekunde; ; ;ms;PCS7-IO-Controller;IO-Device;UINT;AW2210;2; ; ; ; ;
121;Nein;HELI-OS_REAL_A_1;Umgebungstemperatur Fassade Solarturm;-50;50;°C;PCS7-IO-Controller;IO-Device;REAL;AW2212;4;N/A; ;Messbereich geschätzt; ;
122;Nein;HELI-OS_REAL_A_2;Lokale Windgeschwindigkeit;0;20;m/s;PCS7-IO-Controller;IO-Device;REAL;AW2216;4;N/A; ;Messbereich geschätzt; ;
123; ;tbd;SPARE; ; ; ;PCS7-IO-Controller;IO-Device;Scaled REAL;AW2220;2; ; ; ; ;
124; ;tbd;SPARE; ; ; ;PCS7-IO-Controller;IO-Device;Scaled REAL;AW2222;2; ; ; ; ;
125; ;tbd;SPARE; ; ; ;PCS7-IO-Controller;IO-Device;Scaled REAL;AW2224;2; ; ; ; ;
126; ;tbd;SPARE; ; ; ;PCS7-IO-Controller;IO-Device;Scaled REAL;AW2226;2; ; ; ; ;
127; ;tbd;SPARE; ; ; ;PCS7-IO-Controller;IO-Device;Scaled REAL;AW2228;2; ; ; ; ;
128; ;tbd;SPARE; ; ; ;PCS7-IO-Controller;IO-Device;Scaled REAL;AW2230;2; ; ; ; ;
129; ;tbd;SPARE; ; ; ;PCS7-IO-Controller;IO-Device;Scaled REAL;AW2232;2; ; ; ; ;
130; ;tbd;SPARE; ; ; ;PCS7-IO-Controller;IO-Device;Scaled REAL;AW2234;2; ; ; ; ;
131; ;tbd;SPARE; ; ; ;PCS7-IO-Controller;IO-Device;Scaled REAL;AW2236;2; ; ; ; ;
132; ;tbd;SPARE; ; ; ;PCS7-IO-Controller;IO-Device;Scaled REAL;AW2238;2; ; ; ; ;
133; ;tbd;SPARE; ; ; ;PCS7-IO-Controller;IO-Device;Scaled REAL;AW2240;2; ; ; ; ;
134; ;tbd;SPARE; ; ; ;PCS7-IO-Controller;IO-Device;Scaled REAL;AW2242;2; ; ; ; ;
135; ;tbd;SPARE; ; ; ;PCS7-IO-Controller;IO-Device;Scaled REAL;AW2244;2; ; ; ; ;
136; ;tbd;SPARE; ; ; ;PCS7-IO-Controller;IO-Device;Scaled REAL;AW2246;2; ; ; ; ;
137; ;tbd;SPARE; ; ; ;PCS7-IO-Controller;IO-Device;Scaled REAL;AW2248;2; ; ; ; ;
138; ;tbd;SPARE; ; ; ;PCS7-IO-Controller;IO-Device;Scaled REAL;AW2250;2; ; ; ; ;
139; ;tbd;SPARE; ; ; ;PCS7-IO-Controller;IO-Device;Scaled REAL;AW2252;2; ; ; ; ;
140;Nein;HELI-OS_REAL_A_3;Flussdichtemessung Absorber von HeliOS (8x8 Matrix) 1;0;1000;kW/m²;PCS7-IO-Controller;IO-Device;Scaled REAL;AW2254;2;0,0625; ; ; ;
141;Nein;HELI-OS_REAL_A_4;Flussdichtemessung Absorber von HeliOS (8x8 Matrix) 2;0;1000;kW/m²;PCS7-IO-Controller;IO-Device;Scaled REAL;AW2256;2;0,0625; ; ; ;
142;Nein;HELI-OS_REAL_A_5;Flussdichtemessung Absorber von HeliOS (8x8 Matrix) 3;0;1000;kW/m²;PCS7-IO-Controller;IO-Device;Scaled REAL;AW2258;2;0,0625; ; ; ;
143;Nein;HELI-OS_REAL_A_6;Flussdichtemessung Absorber von HeliOS (8x8 Matrix) 4;0;1000;kW/m²;PCS7-IO-Controller;IO-Device;Scaled REAL;AW2260;2;0,0625; ; ; ;
144;Nein;HELI-OS_REAL_A_7;Flussdichtemessung Absorber von HeliOS (8x8 Matrix) 5;0;1000;kW/m²;PCS7-IO-Controller;IO-Device;Scaled REAL;AW2262;2;0,0625; ; ; ;
145;Nein;HELI-OS_REAL_A_8;Flussdichtemessung Absorber von HeliOS (8x8 Matrix) 6;0;1000;kW/m²;PCS7-IO-Controller;IO-Device;Scaled REAL;AW2264;2;0,0625; ; ; ;
146;Nein;HELI-OS_REAL_A_9;Flussdichtemessung Absorber von HeliOS (8x8 Matrix) 7;0;1000;kW/m²;PCS7-IO-Controller;IO-Device;Scaled REAL;AW2266;2;0,0625; ; ; ;
147;Nein;HELI-OS_REAL_A_10;Flussdichtemessung Absorber von HeliOS (8x8 Matrix) 8;0;1000;kW/m²;PCS7-IO-Controller;IO-Device;Scaled REAL;AW2268;2;0,0625; ; ; ;
148;Nein;HELI-OS_REAL_A_11;Flussdichtemessung Absorber von HeliOS (8x8 Matrix) 9;0;1000;kW/m²;PCS7-IO-Controller;IO-Device;Scaled REAL;AW2270;2;0,0625; ; ; ;
149;Nein;HELI-OS_REAL_A_12;Flussdichtemessung Absorber von HeliOS (8x8 Matrix) 10;0;1000;kW/m²;PCS7-IO-Controller;IO-Device;Scaled REAL;AW2272;2;0,0625; ; ; ;
150;Nein;HELI-OS_REAL_A_13;Flussdichtemessung Absorber von HeliOS (8x8 Matrix) 11;0;1000;kW/m²;PCS7-IO-Controller;IO-Device;Scaled REAL;AW2274;2;0,0625; ; ; ;
151;Nein;HELI-OS_REAL_A_14;Flussdichtemessung Absorber von HeliOS (8x8 Matrix) 12;0;1000;kW/m²;PCS7-IO-Controller;IO-Device;Scaled REAL;AW2276;2;0,0625; ; ; ;
152;Nein;HELI-OS_REAL_A_15;Flussdichtemessung Absorber von HeliOS (8x8 Matrix) 13;0;1000;kW/m²;PCS7-IO-Controller;IO-Device;Scaled REAL;AW2278;2;0,0625; ; ; ;
153;Nein;HELI-OS_REAL_A_16;Flussdichtemessung Absorber von HeliOS (8x8 Matrix) 14;0;1000;kW/m²;PCS7-IO-Controller;IO-Device;Scaled REAL;AW2280;2;0,0625; ; ; ;
154;Nein;HELI-OS_REAL_A_17;Flussdichtemessung Absorber von HeliOS (8x8 Matrix) 15;0;1000;kW/m²;PCS7-IO-Controller;IO-Device;Scaled REAL;AW2282;2;0,0625; ; ; ;
155;Nein;HELI-OS_REAL_A_18;Flussdichtemessung Absorber von HeliOS (8x8 Matrix) 16;0;1000;kW/m²;PCS7-IO-Controller;IO-Device;Scaled REAL;AW2284;2;0,0625; ; ; ;
156;Nein;HELI-OS_REAL_A_19;Flussdichtemessung Absorber von HeliOS (8x8 Matrix) 17;0;1000;kW/m²;PCS7-IO-Controller;IO-Device;Scaled REAL;AW2286;2;0,0625; ; ; ;
157;Nein;HELI-OS_REAL_A_20;Flussdichtemessung Absorber von HeliOS (8x8 Matrix) 18;0;1000;kW/m²;PCS7-IO-Controller;IO-Device;Scaled REAL;AW2288;2;0,0625; ; ; ;
158;Nein;HELI-OS_REAL_A_21;Flussdichtemessung Absorber von HeliOS (8x8 Matrix) 19;0;1000;kW/m²;PCS7-IO-Controller;IO-Device;Scaled REAL;AW2290;2;0,0625; ; ; ;
159;Nein;HELI-OS_REAL_A_22;Flussdichtemessung Absorber von HeliOS (8x8 Matrix) 20;0;1000;kW/m²;PCS7-IO-Controller;IO-Device;Scaled REAL;AW2292;2;0,0625; ; ; ;
160;Nein;HELI-OS_REAL_A_23;Flussdichtemessung Absorber von HeliOS (8x8 Matrix) 21;0;1000;kW/m²;PCS7-IO-Controller;IO-Device;Scaled REAL;AW2294;2;0,0625; ; ; ;
161;Nein;HELI-OS_REAL_A_24;Flussdichtemessung Absorber von HeliOS (8x8 Matrix) 22;0;1000;kW/m²;PCS7-IO-Controller;IO-Device;Scaled REAL;AW2296;2;0,0625; ; ; ;
162;Nein;HELI-OS_REAL_A_25;Flussdichtemessung Absorber von HeliOS (8x8 Matrix) 23;0;1000;kW/m²;PCS7-IO-Controller;IO-Device;Scaled REAL;AW2298;2;0,0625; ; ; ;
163;Nein;HELI-OS_REAL_A_26;Flussdichtemessung Absorber von HeliOS (8x8 Matrix) 24;0;1000;kW/m²;PCS7-IO-Controller;IO-Device;Scaled REAL;AW2300;2;0,0625; ; ; ;
164;Nein;HELI-OS_REAL_A_27;Flussdichtemessung Absorber von HeliOS (8x8 Matrix) 25;0;1000;kW/m²;PCS7-IO-Controller;IO-Device;Scaled REAL;AW2302;2;0,0625; ; ; ;
165;Nein;HELI-OS_REAL_A_28;Flussdichtemessung Absorber von HeliOS (8x8 Matrix) 26;0;1000;kW/m²;PCS7-IO-Controller;IO-Device;Scaled REAL;AW2304;2;0,0625; ; ; ;
166;Nein;HELI-OS_REAL_A_29;Flussdichtemessung Absorber von HeliOS (8x8 Matrix) 27;0;1000;kW/m²;PCS7-IO-Controller;IO-Device;Scaled REAL;AW2306;2;0,0625; ; ; ;
167;Nein;HELI-OS_REAL_A_30;Flussdichtemessung Absorber von HeliOS (8x8 Matrix) 28;0;1000;kW/m²;PCS7-IO-Controller;IO-Device;Scaled REAL;AW2308;2;0,0625; ; ; ;
168;Nein;HELI-OS_REAL_A_31;Flussdichtemessung Absorber von HeliOS (8x8 Matrix) 29;0;1000;kW/m²;PCS7-IO-Controller;IO-Device;Scaled REAL;AW2310;2;0,0625; ; ; ;
169;Nein;HELI-OS_REAL_A_32;Flussdichtemessung Absorber von HeliOS (8x8 Matrix) 30;0;1000;kW/m²;PCS7-IO-Controller;IO-Device;Scaled REAL;AW2312;2;0,0625; ; ; ;
170;Nein;HELI-OS_REAL_A_33;Flussdichtemessung Absorber von HeliOS (8x8 Matrix) 31;0;1000;kW/m²;PCS7-IO-Controller;IO-Device;Scaled REAL;AW2314;2;0,0625; ; ; ;
171;Nein;HELI-OS_REAL_A_34;Flussdichtemessung Absorber von HeliOS (8x8 Matrix) 32;0;1000;kW/m²;PCS7-IO-Controller;IO-Device;Scaled REAL;AW2316;2;0,0625; ; ; ;
172;Nein;HELI-OS_REAL_A_35;Flussdichtemessung Absorber von HeliOS (8x8 Matrix) 33;0;1000;kW/m²;PCS7-IO-Controller;IO-Device;Scaled REAL;AW2318;2;0,0625; ; ; ;
173;Nein;HELI-OS_REAL_A_36;Flussdichtemessung Absorber von HeliOS (8x8 Matrix) 34;0;1000;kW/m²;PCS7-IO-Controller;IO-Device;Scaled REAL;AW2320;2;0,0625; ; ; ;
174;Nein;HELI-OS_REAL_A_37;Flussdichtemessung Absorber von HeliOS (8x8 Matrix) 35;0;1000;kW/m²;PCS7-IO-Controller;IO-Device;Scaled REAL;AW2322;2;0,0625; ; ; ;
175;Nein;HELI-OS_REAL_A_38;Flussdichtemessung Absorber von HeliOS (8x8 Matrix) 36;0;1000;kW/m²;PCS7-IO-Controller;IO-Device;Scaled REAL;AW2324;2;0,0625; ; ; ;
176;Nein;HELI-OS_REAL_A_39;Flussdichtemessung Absorber von HeliOS (8x8 Matrix) 37;0;1000;kW/m²;PCS7-IO-Controller;IO-Device;Scaled REAL;AW2326;2;0,0625; ; ; ;
177;Nein;HELI-OS_REAL_A_40;Flussdichtemessung Absorber von HeliOS (8x8 Matrix) 38;0;1000;kW/m²;PCS7-IO-Controller;IO-Device;Scaled REAL;AW2328;2;0,0625; ; ; ;
178;Nein;HELI-OS_REAL_A_41;Flussdichtemessung Absorber von HeliOS (8x8 Matrix) 39;0;1000;kW/m²;PCS7-IO-Controller;IO-Device;Scaled REAL;AW2330;2;0,0625; ; ; ;
179;Nein;HELI-OS_REAL_A_42;Flussdichtemessung Absorber von HeliOS (8x8 Matrix) 40;0;1000;kW/m²;PCS7-IO-Controller;IO-Device;Scaled REAL;AW2332;2;0,0625; ; ; ;
180;Nein;HELI-OS_REAL_A_43;Flussdichtemessung Absorber von HeliOS (8x8 Matrix) 41;0;1000;kW/m²;PCS7-IO-Controller;IO-Device;Scaled REAL;AW2334;2;0,0625; ; ; ;
181;Nein;HELI-OS_REAL_A_44;Flussdichtemessung Absorber von HeliOS (8x8 Matrix) 42;0;1000;kW/m²;PCS7-IO-Controller;IO-Device;Scaled REAL;AW2336;2;0,0625; ; ; ;
182;Nein;HELI-OS_REAL_A_45;Flussdichtemessung Absorber von HeliOS (8x8 Matrix) 43;0;1000;kW/m²;PCS7-IO-Controller;IO-Device;Scaled REAL;AW2338;2;0,0625; ; ; ;
183;Nein;HELI-OS_REAL_A_46;Flussdichtemessung Absorber von HeliOS (8x8 Matrix) 44;0;1000;kW/m²;PCS7-IO-Controller;IO-Device;Scaled REAL;AW2340;2;0,0625; ; ; ;
184;Nein;HELI-OS_REAL_A_47;Flussdichtemessung Absorber von HeliOS (8x8 Matrix) 45;0;1000;kW/m²;PCS7-IO-Controller;IO-Device;Scaled REAL;AW2342;2;0,0625; ; ; ;
185;Nein;HELI-OS_REAL_A_48;Flussdichtemessung Absorber von HeliOS (8x8 Matrix) 46;0;1000;kW/m²;PCS7-IO-Controller;IO-Device;Scaled REAL;AW2344;2;0,0625; ; ; ;
186;Nein;HELI-OS_REAL_A_49;Flussdichtemessung Absorber von HeliOS (8x8 Matrix) 47;0;1000;kW/m²;PCS7-IO-Controller;IO-Device;Scaled REAL;AW2346;2;0,0625; ; ; ;
187;Nein;HELI-OS_REAL_A_50;Flussdichtemessung Absorber von HeliOS (8x8 Matrix) 48;0;1000;kW/m²;PCS7-IO-Controller;IO-Device;Scaled REAL;AW2348;2;0,0625; ; ; ;
188;Nein;HELI-OS_REAL_A_51;Flussdichtemessung Absorber von HeliOS (8x8 Matrix) 49;0;1000;kW/m²;PCS7-IO-Controller;IO-Device;Scaled REAL;AW2350;2;0,0625; ; ; ;
189;Nein;HELI-OS_REAL_A_52;Flussdichtemessung Absorber von HeliOS (8x8 Matrix) 50;0;1000;kW/m²;PCS7-IO-Controller;IO-Device;Scaled REAL;AW2352;2;0,0625; ; ; ;
190;Nein;HELI-OS_REAL_A_53;Flussdichtemessung Absorber von HeliOS (8x8 Matrix) 51;0;1000;kW/m²;PCS7-IO-Controller;IO-Device;Scaled REAL;AW2354;2;0,0625; ; ; ;
191;Nein;HELI-OS_REAL_A_54;Flussdichtemessung Absorber von HeliOS (8x8 Matrix) 52;0;1000;kW/m²;PCS7-IO-Controller;IO-Device;Scaled REAL;AW2356;2;0,0625; ; ; ;
192;Nein;HELI-OS_REAL_A_55;Flussdichtemessung Absorber von HeliOS (8x8 Matrix) 53;0;1000;kW/m²;PCS7-IO-Controller;IO-Device;Scaled REAL;AW2358;2;0,0625; ; ; ;
193;Nein;HELI-OS_REAL_A_56;Flussdichtemessung Absorber von HeliOS (8x8 Matrix) 54;0;1000;kW/m²;PCS7-IO-Controller;IO-Device;Scaled REAL;AW2360;2;0,0625; ; ; ;
194;Nein;HELI-OS_REAL_A_57;Flussdichtemessung Absorber von HeliOS (8x8 Matrix) 55;0;1000;kW/m²;PCS7-IO-Controller;IO-Device;Scaled REAL;AW2362;2;0,0625; ; ; ;
195;Nein;HELI-OS_REAL_A_58;Flussdichtemessung Absorber von HeliOS (8x8 Matrix) 56;0;1000;kW/m²;PCS7-IO-Controller;IO-Device;Scaled REAL;AW2364;2;0,0625; ; ; ;
196;Nein;HELI-OS_REAL_A_59;Flussdichtemessung Absorber von HeliOS (8x8 Matrix) 57;0;1000;kW/m²;PCS7-IO-Controller;IO-Device;Scaled REAL;AW2366;2;0,0625; ; ; ;
197;Nein;HELI-OS_REAL_A_60;Flussdichtemessung Absorber von HeliOS (8x8 Matrix) 58;0;1000;kW/m²;PCS7-IO-Controller;IO-Device;Scaled REAL;AW2368;2;0,0625; ; ; ;
198;Nein;HELI-OS_REAL_A_61;Flussdichtemessung Absorber von HeliOS (8x8 Matrix) 59;0;1000;kW/m²;PCS7-IO-Controller;IO-Device;Scaled REAL;AW2370;2;0,0625; ; ; ;
199;Nein;HELI-OS_REAL_A_62;Flussdichtemessung Absorber von HeliOS (8x8 Matrix) 60;0;1000;kW/m²;PCS7-IO-Controller;IO-Device;Scaled REAL;AW2372;2;0,0625; ; ; ;
200;Nein;HELI-OS_REAL_A_63;Flussdichtemessung Absorber von HeliOS (8x8 Matrix) 61;0;1000;kW/m²;PCS7-IO-Controller;IO-Device;Scaled REAL;AW2374;2;0,0625; ; ; ;
201;Nein;HELI-OS_REAL_A_64;Flussdichtemessung Absorber von HeliOS (8x8 Matrix) 62;0;1000;kW/m²;PCS7-IO-Controller;IO-Device;Scaled REAL;AW2376;2;0,0625; ; ; ;
202;Nein;HELI-OS_REAL_A_65;Flussdichtemessung Absorber von HeliOS (8x8 Matrix) 63;0;1000;kW/m²;PCS7-IO-Controller;IO-Device;Scaled REAL;AW2378;2;0,0625; ; ; ;
203;Nein;HELI-OS_REAL_A_66;Flussdichtemessung Absorber von HeliOS (8x8 Matrix) 64;0;1000;kW/m²;PCS7-IO-Controller;IO-Device;Scaled REAL;AW2380;2;0,0625; ; ; ;
204;Nein;HELI-OS_REAL_A_67;Flussdichtesimulation Absorber von HeliOS (8x8 Matrix) 1;0;1000;kW/m²;PCS7-IO-Controller;IO-Device;Scaled REAL;AW2382;2;0,0625; ; ; ;
205;Nein;HELI-OS_REAL_A_68;Flussdichtesimulation Absorber von HeliOS (8x8 Matrix) 2;0;1000;kW/m²;PCS7-IO-Controller;IO-Device;Scaled REAL;AW2384;2;0,0625; ; ; ;
206;Nein;HELI-OS_REAL_A_69;Flussdichtesimulation Absorber von HeliOS (8x8 Matrix) 3;0;1000;kW/m²;PCS7-IO-Controller;IO-Device;Scaled REAL;AW2386;2;0,0625; ; ; ;
207;Nein;HELI-OS_REAL_A_70;Flussdichtesimulation Absorber von HeliOS (8x8 Matrix) 4;0;1000;kW/m²;PCS7-IO-Controller;IO-Device;Scaled REAL;AW2388;2;0,0625; ; ; ;
208;Nein;HELI-OS_REAL_A_71;Flussdichtesimulation Absorber von HeliOS (8x8 Matrix) 5;0;1000;kW/m²;PCS7-IO-Controller;IO-Device;Scaled REAL;AW2390;2;0,0625; ; ; ;
209;Nein;HELI-OS_REAL_A_72;Flussdichtesimulation Absorber von HeliOS (8x8 Matrix) 6;0;1000;kW/m²;PCS7-IO-Controller;IO-Device;Scaled REAL;AW2392;2;0,0625; ; ; ;
210;Nein;HELI-OS_REAL_A_73;Flussdichtesimulation Absorber von HeliOS (8x8 Matrix) 7;0;1000;kW/m²;PCS7-IO-Controller;IO-Device;Scaled REAL;AW2394;2;0,0625; ; ; ;
211;Nein;HELI-OS_REAL_A_74;Flussdichtesimulation Absorber von HeliOS (8x8 Matrix) 8;0;1000;kW/m²;PCS7-IO-Controller;IO-Device;Scaled REAL;AW2396;2;0,0625; ; ; ;
212;Nein;HELI-OS_REAL_A_75;Flussdichtesimulation Absorber von HeliOS (8x8 Matrix) 9;0;1000;kW/m²;PCS7-IO-Controller;IO-Device;Scaled REAL;AW2398;2;0,0625; ; ; ;
213;Nein;HELI-OS_REAL_A_76;Flussdichtesimulation Absorber von HeliOS (8x8 Matrix) 10;0;1000;kW/m²;PCS7-IO-Controller;IO-Device;Scaled REAL;AW2400;2;0,0625; ; ; ;
214;Nein;HELI-OS_REAL_A_77;Flussdichtesimulation Absorber von HeliOS (8x8 Matrix) 11;0;1000;kW/m²;PCS7-IO-Controller;IO-Device;Scaled REAL;AW2402;2;0,0625; ; ; ;
215;Nein;HELI-OS_REAL_A_78;Flussdichtesimulation Absorber von HeliOS (8x8 Matrix) 12;0;1000;kW/m²;PCS7-IO-Controller;IO-Device;Scaled REAL;AW2404;2;0,0625; ; ; ;
216;Nein;HELI-OS_REAL_A_79;Flussdichtesimulation Absorber von HeliOS (8x8 Matrix) 13;0;1000;kW/m²;PCS7-IO-Controller;IO-Device;Scaled REAL;AW2406;2;0,0625; ; ; ;
217;Nein;HELI-OS_REAL_A_80;Flussdichtesimulation Absorber von HeliOS (8x8 Matrix) 14;0;1000;kW/m²;PCS7-IO-Controller;IO-Device;Scaled REAL;AW2408;2;0,0625; ; ; ;
218;Nein;HELI-OS_REAL_A_81;Flussdichtesimulation Absorber von HeliOS (8x8 Matrix) 15;0;1000;kW/m²;PCS7-IO-Controller;IO-Device;Scaled REAL;AW2410;2;0,0625; ; ; ;
219;Nein;HELI-OS_REAL_A_82;Flussdichtesimulation Absorber von HeliOS (8x8 Matrix) 16;0;1000;kW/m²;PCS7-IO-Controller;IO-Device;Scaled REAL;AW2412;2;0,0625; ; ; ;
220;Nein;HELI-OS_REAL_A_83;Flussdichtesimulation Absorber von HeliOS (8x8 Matrix) 17;0;1000;kW/m²;PCS7-IO-Controller;IO-Device;Scaled REAL;AW2414;2;0,0625; ; ; ;
221;Nein;HELI-OS_REAL_A_84;Flussdichtesimulation Absorber von HeliOS (8x8 Matrix) 18;0;1000;kW/m²;PCS7-IO-Controller;IO-Device;Scaled REAL;AW2416;2;0,0625; ; ; ;
222;Nein;HELI-OS_REAL_A_85;Flussdichtesimulation Absorber von HeliOS (8x8 Matrix) 19;0;1000;kW/m²;PCS7-IO-Controller;IO-Device;Scaled REAL;AW2418;2;0,0625; ; ; ;
223;Nein;HELI-OS_REAL_A_86;Flussdichtesimulation Absorber von HeliOS (8x8 Matrix) 20;0;1000;kW/m²;PCS7-IO-Controller;IO-Device;Scaled REAL;AW2420;2;0,0625; ; ; ;
224;Nein;HELI-OS_REAL_A_87;Flussdichtesimulation Absorber von HeliOS (8x8 Matrix) 21;0;1000;kW/m²;PCS7-IO-Controller;IO-Device;Scaled REAL;AW2422;2;0,0625; ; ; ;
225;Nein;HELI-OS_REAL_A_88;Flussdichtesimulation Absorber von HeliOS (8x8 Matrix) 22;0;1000;kW/m²;PCS7-IO-Controller;IO-Device;Scaled REAL;AW2424;2;0,0625; ; ; ;
226;Nein;HELI-OS_REAL_A_89;Flussdichtesimulation Absorber von HeliOS (8x8 Matrix) 23;0;1000;kW/m²;PCS7-IO-Controller;IO-Device;Scaled REAL;AW2426;2;0,0625; ; ; ;
227;Nein;HELI-OS_REAL_A_90;Flussdichtesimulation Absorber von HeliOS (8x8 Matrix) 24;0;1000;kW/m²;PCS7-IO-Controller;IO-Device;Scaled REAL;AW2428;2;0,0625; ; ; ;
228;Nein;HELI-OS_REAL_A_91;Flussdichtesimulation Absorber von HeliOS (8x8 Matrix) 25;0;1000;kW/m²;PCS7-IO-Controller;IO-Device;Scaled REAL;AW2430;2;0,0625; ; ; ;
229;Nein;HELI-OS_REAL_A_92;Flussdichtesimulation Absorber von HeliOS (8x8 Matrix) 26;0;1000;kW/m²;PCS7-IO-Controller;IO-Device;Scaled REAL;AW2432;2;0,0625; ; ; ;
230;Nein;HELI-OS_REAL_A_93;Flussdichtesimulation Absorber von HeliOS (8x8 Matrix) 27;0;1000;kW/m²;PCS7-IO-Controller;IO-Device;Scaled REAL;AW2434;2;0,0625; ; ; ;
231;Nein;HELI-OS_REAL_A_94;Flussdichtesimulation Absorber von HeliOS (8x8 Matrix) 28;0;1000;kW/m²;PCS7-IO-Controller;IO-Device;Scaled REAL;AW2436;2;0,0625; ; ; ;
232;Nein;HELI-OS_REAL_A_95;Flussdichtesimulation Absorber von HeliOS (8x8 Matrix) 29;0;1000;kW/m²;PCS7-IO-Controller;IO-Device;Scaled REAL;AW2438;2;0,0625; ; ; ;
233;Nein;HELI-OS_REAL_A_96;Flussdichtesimulation Absorber von HeliOS (8x8 Matrix) 30;0;1000;kW/m²;PCS7-IO-Controller;IO-Device;Scaled REAL;AW2440;2;0,0625; ; ; ;
234;Nein;HELI-OS_REAL_A_97;Flussdichtesimulation Absorber von HeliOS (8x8 Matrix) 31;0;1000;kW/m²;PCS7-IO-Controller;IO-Device;Scaled REAL;AW2442;2;0,0625; ; ; ;
235;Nein;HELI-OS_REAL_A_98;Flussdichtesimulation Absorber von HeliOS (8x8 Matrix) 32;0;1000;kW/m²;PCS7-IO-Controller;IO-Device;Scaled REAL;AW2444;2;0,0625; ; ; ;
236;Nein;HELI-OS_REAL_A_99;Flussdichtesimulation Absorber von HeliOS (8x8 Matrix) 33;0;1000;kW/m²;PCS7-IO-Controller;IO-Device;Scaled REAL;AW2446;2;0,0625; ; ; ;
237;Nein;HELI-OS_REAL_A_100;Flussdichtesimulation Absorber von HeliOS (8x8 Matrix) 34;0;1000;kW/m²;PCS7-IO-Controller;IO-Device;Scaled REAL;AW2448;2;0,0625; ; ; ;
238;Nein;HELI-OS_REAL_A_101;Flussdichtesimulation Absorber von HeliOS (8x8 Matrix) 35;0;1000;kW/m²;PCS7-IO-Controller;IO-Device;Scaled REAL;AW2450;2;0,0625; ; ; ;
239;Nein;HELI-OS_REAL_A_102;Flussdichtesimulation Absorber von HeliOS (8x8 Matrix) 36;0;1000;kW/m²;PCS7-IO-Controller;IO-Device;Scaled REAL;AW2452;2;0,0625; ; ; ;
240;Nein;HELI-OS_REAL_A_103;Flussdichtesimulation Absorber von HeliOS (8x8 Matrix) 37;0;1000;kW/m²;PCS7-IO-Controller;IO-Device;Scaled REAL;AW2454;2;0,0625; ; ; ;
241;Nein;HELI-OS_REAL_A_104;Flussdichtesimulation Absorber von HeliOS (8x8 Matrix) 38;0;1000;kW/m²;PCS7-IO-Controller;IO-Device;Scaled REAL;AW2456;2;0,0625; ; ; ;
242;Nein;HELI-OS_REAL_A_105;Flussdichtesimulation Absorber von HeliOS (8x8 Matrix) 39;0;1000;kW/m²;PCS7-IO-Controller;IO-Device;Scaled REAL;AW2458;2;0,0625; ; ; ;
243;Nein;HELI-OS_REAL_A_106;Flussdichtesimulation Absorber von HeliOS (8x8 Matrix) 40;0;1000;kW/m²;PCS7-IO-Controller;IO-Device;Scaled REAL;AW2460;2;0,0625; ; ; ;
244;Nein;HELI-OS_REAL_A_107;Flussdichtesimulation Absorber von HeliOS (8x8 Matrix) 41;0;1000;kW/m²;PCS7-IO-Controller;IO-Device;Scaled REAL;AW2462;2;0,0625; ; ; ;
245;Nein;HELI-OS_REAL_A_108;Flussdichtesimulation Absorber von HeliOS (8x8 Matrix) 42;0;1000;kW/m²;PCS7-IO-Controller;IO-Device;Scaled REAL;AW2464;2;0,0625; ; ; ;
246;Nein;HELI-OS_REAL_A_109;Flussdichtesimulation Absorber von HeliOS (8x8 Matrix) 43;0;1000;kW/m²;PCS7-IO-Controller;IO-Device;Scaled REAL;AW2466;2;0,0625; ; ; ;
247;Nein;HELI-OS_REAL_A_110;Flussdichtesimulation Absorber von HeliOS (8x8 Matrix) 44;0;1000;kW/m²;PCS7-IO-Controller;IO-Device;Scaled REAL;AW2468;2;0,0625; ; ; ;
248;Nein;HELI-OS_REAL_A_111;Flussdichtesimulation Absorber von HeliOS (8x8 Matrix) 45;0;1000;kW/m²;PCS7-IO-Controller;IO-Device;Scaled REAL;AW2470;2;0,0625; ; ; ;
249;Nein;HELI-OS_REAL_A_112;Flussdichtesimulation Absorber von HeliOS (8x8 Matrix) 46;0;1000;kW/m²;PCS7-IO-Controller;IO-Device;Scaled REAL;AW2472;2;0,0625; ; ; ;
250;Nein;HELI-OS_REAL_A_113;Flussdichtesimulation Absorber von HeliOS (8x8 Matrix) 47;0;1000;kW/m²;PCS7-IO-Controller;IO-Device;Scaled REAL;AW2474;2;0,0625; ; ; ;
251;Nein;HELI-OS_REAL_A_114;Flussdichtesimulation Absorber von HeliOS (8x8 Matrix) 48;0;1000;kW/m²;PCS7-IO-Controller;IO-Device;Scaled REAL;AW2476;2;0,0625; ; ; ;
252;Nein;HELI-OS_REAL_A_115;Flussdichtesimulation Absorber von HeliOS (8x8 Matrix) 49;0;1000;kW/m²;PCS7-IO-Controller;IO-Device;Scaled REAL;AW2478;2;0,0625; ; ; ;
253;Nein;HELI-OS_REAL_A_116;Flussdichtesimulation Absorber von HeliOS (8x8 Matrix) 50;0;1000;kW/m²;PCS7-IO-Controller;IO-Device;Scaled REAL;AW2480;2;0,0625; ; ; ;
254;Nein;HELI-OS_REAL_A_117;Flussdichtesimulation Absorber von HeliOS (8x8 Matrix) 51;0;1000;kW/m²;PCS7-IO-Controller;IO-Device;Scaled REAL;AW2482;2;0,0625; ; ; ;
255;Nein;HELI-OS_REAL_A_118;Flussdichtesimulation Absorber von HeliOS (8x8 Matrix) 52;0;1000;kW/m²;PCS7-IO-Controller;IO-Device;Scaled REAL;AW2484;2;0,0625; ; ; ;
256;Nein;HELI-OS_REAL_A_119;Flussdichtesimulation Absorber von HeliOS (8x8 Matrix) 53;0;1000;kW/m²;PCS7-IO-Controller;IO-Device;Scaled REAL;AW2486;2;0,0625; ; ; ;
257;Nein;HELI-OS_REAL_A_120;Flussdichtesimulation Absorber von HeliOS (8x8 Matrix) 54;0;1000;kW/m²;PCS7-IO-Controller;IO-Device;Scaled REAL;AW2488;2;0,0625; ; ; ;
258;Nein;HELI-OS_REAL_A_121;Flussdichtesimulation Absorber von HeliOS (8x8 Matrix) 55;0;1000;kW/m²;PCS7-IO-Controller;IO-Device;Scaled REAL;AW2490;2;0,0625; ; ; ;
259;Nein;HELI-OS_REAL_A_122;Flussdichtesimulation Absorber von HeliOS (8x8 Matrix) 56;0;1000;kW/m²;PCS7-IO-Controller;IO-Device;Scaled REAL;AW2492;2;0,0625; ; ; ;
260;Nein;HELI-OS_REAL_A_123;Flussdichtesimulation Absorber von HeliOS (8x8 Matrix) 57;0;1000;kW/m²;PCS7-IO-Controller;IO-Device;Scaled REAL;AW2494;2;0,0625; ; ; ;
261;Nein;HELI-OS_REAL_A_124;Flussdichtesimulation Absorber von HeliOS (8x8 Matrix) 58;0;1000;kW/m²;PCS7-IO-Controller;IO-Device;Scaled REAL;AW2496;2;0,0625; ; ; ;
262;Nein;HELI-OS_REAL_A_125;Flussdichtesimulation Absorber von HeliOS (8x8 Matrix) 59;0;1000;kW/m²;PCS7-IO-Controller;IO-Device;Scaled REAL;AW2498;2;0,0625; ; ; ;
263;Nein;HELI-OS_REAL_A_126;Flussdichtesimulation Absorber von HeliOS (8x8 Matrix) 60;0;1000;kW/m²;PCS7-IO-Controller;IO-Device;Scaled REAL;AW2500;2;0,0625; ; ; ;
264;Nein;HELI-OS_REAL_A_127;Flussdichtesimulation Absorber von HeliOS (8x8 Matrix) 61;0;1000;kW/m²;PCS7-IO-Controller;IO-Device;Scaled REAL;AW2502;2;0,0625; ; ; ;
265;Nein;HELI-OS_REAL_A_128;Flussdichtesimulation Absorber von HeliOS (8x8 Matrix) 62;0;1000;kW/m²;PCS7-IO-Controller;IO-Device;Scaled REAL;AW2504;2;0,0625; ; ; ;
266;Nein;HELI-OS_REAL_A_129;Flussdichtesimulation Absorber von HeliOS (8x8 Matrix) 63;0;1000;kW/m²;PCS7-IO-Controller;IO-Device;Scaled REAL;AW2506;2;0,0625; ; ; ;
267;Nein;HELI-OS_REAL_A_130;Flussdichtesimulation Absorber von HeliOS (8x8 Matrix) 64;0;1000;kW/m²;PCS7-IO-Controller;IO-Device;Scaled REAL;AW2508;2;0,0625; ; ; ;
268; ;tbd;SPARE; ; ; ;PCS7-IO-Controller;IO-Device;Scaled REAL;AW2510;2; ; ; ; ;
269; ;tbd;SPARE; ; ; ;PCS7-IO-Controller;IO-Device;Scaled REAL;AW2512;2; ; ; ; ;
270; ;tbd;SPARE; ; ; ;PCS7-IO-Controller;IO-Device;Scaled REAL;AW2514;2; ; ; ; ;
271; ;tbd;SPARE; ; ; ;PCS7-IO-Controller;IO-Device;Scaled REAL;AW2516;2; ; ; ; ;
272; ;tbd;SPARE; ; ; ;PCS7-IO-Controller;IO-Device;Scaled REAL;AW2518;2; ; ; ; ;
273; ;tbd;SPARE; ; ; ;PCS7-IO-Controller;IO-Device;Scaled REAL;AW2520;2; ; ; ; ;
274; ;tbd;SPARE; ; ; ;PCS7-IO-Controller;IO-Device;Scaled REAL;AW2522;2; ; ; ; ;
275; ;tbd;SPARE; ; ; ;PCS7-IO-Controller;IO-Device;Scaled REAL;AW2524;2; ; ; ; ;
276; ;tbd;SPARE; ; ; ;PCS7-IO-Controller;IO-Device;Scaled REAL;AW2526;2; ; ; ; ;
277; ;tbd;SPARE; ; ; ;PCS7-IO-Controller;IO-Device;Scaled REAL;AW2528;2; ; ; ; ;
278;Nein;MPC_REAL_A_1;MPC Sollwert 1;0;1000;diverse;PCS7-IO-Controller;IO-Device;Scaled REAL;AW2530;2;0,0625; ; ; ;
279;Nein;MPC_REAL_A_2;MPC Sollwert 2;0;1000;diverse;PCS7-IO-Controller;IO-Device;Scaled REAL;AW2532;2;0,0625; ; ; ;
280;Nein;MPC_REAL_A_3;MPC Sollwert 3;0;1000;diverse;PCS7-IO-Controller;IO-Device;Scaled REAL;AW2534;2;0,0625; ; ; ;
281;Nein;MPC_REAL_A_4;MPC Gewicht Q1;0;10;N/A;PCS7-IO-Controller;IO-Device;Scaled REAL;AW2536;2;0,000625; ; ; ;
282;Nein;MPC_REAL_A_5;MPC Gewicht Q2;0;10;N/A;PCS7-IO-Controller;IO-Device;Scaled REAL;AW2538;2;0,000625; ; ; ;
283;Nein;MPC_REAL_A_6;MPC Gewicht Q3;0;10;N/A;PCS7-IO-Controller;IO-Device;Scaled REAL;AW2540;2;0,000625; ; ; ;
284;Nein;MPC_REAL_A_7;MPC Gewicht R1;0;10;N/A;PCS7-IO-Controller;IO-Device;Scaled REAL;AW2542;2;0,000625; ; ; ;
285;Nein;MPC_REAL_A_8;MPC Gewicht R2;0;10;N/A;PCS7-IO-Controller;IO-Device;Scaled REAL;AW2544;2;0,000625; ; ; ;
286;Nein;MPC_REAL_A_9;MPC Gewicht R3;0;10;N/A;PCS7-IO-Controller;IO-Device;Scaled REAL;AW2546;2;0,000625; ; ; ;
287;Nein;MPC_REAL_A_10;MPC Gewicht S1;-10;10;N/A;PCS7-IO-Controller;IO-Device;Scaled REAL;AW2548;2;0,00125; ; ; ;
288;Nein;MPC_REAL_A_11;MPC Gewicht S2;-10;10;N/A;PCS7-IO-Controller;IO-Device;Scaled REAL;AW2550;2;0,00125; ; ; ;
289;Nein;MPC_REAL_A_12;MPC Gewicht S3;-10;10;N/A;PCS7-IO-Controller;IO-Device;Scaled REAL;AW2552;2;0,00125; ; ; ;
290;Nein;MPC_REAL_A_13;MPC Beschränkung au1;0;100;%;PCS7-IO-Controller;IO-Device;Scaled REAL;AW2554;2;0,00625; ; ; ;
291;Nein;MPC_REAL_A_14;MPC Beschränkung au2;0;100;%;PCS7-IO-Controller;IO-Device;Scaled REAL;AW2556;2;0,00625; ; ; ;
292;Nein;MPC_REAL_A_15;MPC Beschränkung au3;0;100;%;PCS7-IO-Controller;IO-Device;Scaled REAL;AW2558;2;0,00625; ; ; ;
293;Nein;MPC_REAL_A_16;MPC Beschränkung bu1;0;100;%;PCS7-IO-Controller;IO-Device;Scaled REAL;AW2560;2;0,00625; ; ; ;
294;Nein;MPC_REAL_A_17;MPC Beschränkung bu2;0;100;%;PCS7-IO-Controller;IO-Device;Scaled REAL;AW2562;2;0,00625; ; ; ;
295;Nein;MPC_REAL_A_18;MPC Beschränkung bu3;0;100;%;PCS7-IO-Controller;IO-Device;Scaled REAL;AW2564;2;0,00625; ; ; ;
296;Nein;MPC_REAL_A_19;MPC Beschränkung adu1;0,1;200;%/s;PCS7-IO-Controller;IO-Device;Scaled REAL;AW2566;2;0,01249375; ; ; ;
297;Nein;MPC_REAL_A_20;MPC Beschränkung adu2;0,1;200;%/s;PCS7-IO-Controller;IO-Device;Scaled REAL;AW2568;2;0,01249375; ; ; ;
298;Nein;MPC_REAL_A_21;MPC Beschränkung adu3;0,1;200;%/s;PCS7-IO-Controller;IO-Device;Scaled REAL;AW2570;2;0,01249375; ; ; ;
299;Nein;MPC_REAL_A_22;MPC Beschränkung bdu1;-200;-0,1;%/s;PCS7-IO-Controller;IO-Device;Scaled REAL;AW2572;2;0,01249375; ; ; ;
300;Nein;MPC_REAL_A_23;MPC Beschränkung bdu2;-200;-0,1;%/s;PCS7-IO-Controller;IO-Device;Scaled REAL;AW2574;2;0,01249375; ; ; ;
301;Nein;MPC_REAL_A_24;MPC Beschränkung bdu3;-200;-0,1;%/s;PCS7-IO-Controller;IO-Device;Scaled REAL;AW2576;2;0,01249375; ; ; ;
302;Nein;MPC_REAL_A_25;MPC Beschränkung ay1;0;1000;diverse;PCS7-IO-Controller;IO-Device;Scaled REAL;AW2578;2;0,0625; ; ; ;
303;Nein;MPC_REAL_A_26;MPC Beschränkung ay2;0;1000;diverse;PCS7-IO-Controller;IO-Device;Scaled REAL;AW2580;2;0,0625; ; ; ;
304;Nein;MPC_REAL_A_27;MPC Beschränkung ay3;0;1000;diverse;PCS7-IO-Controller;IO-Device;Scaled REAL;AW2582;2;0,0625; ; ; ;
305;Nein;MPC_REAL_A_28;MPC Beschränkung ay4;0;1000;diverse;PCS7-IO-Controller;IO-Device;Scaled REAL;AW2584;2;0,0625; ; ; ;
306;Nein;MPC_REAL_A_29;MPC Beschränkung ay5;0;1000;diverse;PCS7-IO-Controller;IO-Device;Scaled REAL;AW2586;2;0,0625; ; ; ;
307;Nein;MPC_REAL_A_30;MPC Beschränkung ay6;0;1000;diverse;PCS7-IO-Controller;IO-Device;Scaled REAL;AW2588;2;0,0625; ; ; ;
308;Nein;MPC_REAL_A_31;MPC Beschränkung ay7;0;1000;diverse;PCS7-IO-Controller;IO-Device;Scaled REAL;AW2590;2;0,0625; ; ; ;
309;Nein;MPC_REAL_A_32;MPC Beschränkung by1;-1000;0;diverse;PCS7-IO-Controller;IO-Device;Scaled REAL;AW2592;2;0,0625; ; ; ;
310;Nein;MPC_REAL_A_33;MPC Beschränkung by2;-1000;0;diverse;PCS7-IO-Controller;IO-Device;Scaled REAL;AW2594;2;0,0625; ; ; ;
311;Nein;MPC_REAL_A_34;MPC Beschränkung by3;-1000;0;diverse;PCS7-IO-Controller;IO-Device;Scaled REAL;AW2596;2;0,0625; ; ; ;
312;Nein;MPC_REAL_A_35;MPC Beschränkung by4;-1000;0;diverse;PCS7-IO-Controller;IO-Device;Scaled REAL;AW2598;2;0,0625; ; ; ;
313;Nein;MPC_REAL_A_36;MPC Beschränkung by5;-1000;0;diverse;PCS7-IO-Controller;IO-Device;Scaled REAL;AW2600;2;0,0625; ; ; ;
314;Nein;MPC_REAL_A_37;MPC Beschränkung by6;-1000;0;diverse;PCS7-IO-Controller;IO-Device;Scaled REAL;AW2602;2;0,0625; ; ; ;
315;Nein;MPC_REAL_A_38;MPC Beschränkung by7;-1000;0;diverse;PCS7-IO-Controller;IO-Device;Scaled REAL;AW2604;2;0,0625; ; ; ;
316;Nein;MPC_UINT16_A_1;Zykluszeit; ; ;ms;PCS7-IO-Controller;IO-Device;UINT;AW2606;2;N/A; ; ; ;
317;Nein;MPC_UINT16_A_2;Prädiktionshorizont Hp; ; ;N/A;PCS7-IO-Controller;IO-Device;UINT;AW2608;2;N/A; ; ; ;
318;Nein;MPC_UINT16_A_3;Stellhorizont Hu; ; ;N/A;PCS7-IO-Controller;IO-Device;UINT;AW2610;2;N/A; ; ; ;
319;Nein;MPC_UINT16_A_4;Totzeitbereich Hw; ; ;N/A;PCS7-IO-Controller;IO-Device;UINT;AW2612;2;N/A; ; ; ;
320;Nein;MPC_BOOL_A_1;Aktivierung Beschränkung ay1; ; ;N/A;PCS7-IO-Controller;IO-Device;BOOL;AW2614.0;0,125;N/A; ; ; ;
321;Nein;MPC_BOOL_A_2;Aktivierung Beschränkung ay2; ; ;N/A;PCS7-IO-Controller;IO-Device;BOOL;AW2614.1;0,125;N/A; ; ; ;
322;Nein;MPC_BOOL_A_3;Aktivierung Beschränkung ay3; ; ;N/A;PCS7-IO-Controller;IO-Device;BOOL;AW2614.2;0,125;N/A; ; ; ;
323;Nein;MPC_BOOL_A_4;Aktivierung Beschränkung ay4; ; ;N/A;PCS7-IO-Controller;IO-Device;BOOL;AW2614.3;0,125;N/A; ; ; ;
324;Nein;MPC_BOOL_A_5;Aktivierung Beschränkung ay5; ; ;N/A;PCS7-IO-Controller;IO-Device;BOOL;AW2614.4;0,125;N/A; ; ; ;
325;Nein;MPC_BOOL_A_6;Aktivierung Beschränkung ay6; ; ;N/A;PCS7-IO-Controller;IO-Device;BOOL;AW2614.5;0,125;N/A; ; ; ;
326;Nein;MPC_BOOL_A_7;Aktivierung Beschränkung ay7; ; ;N/A;PCS7-IO-Controller;IO-Device;BOOL;AW2614.6;0,125;N/A; ; ; ;
327;Nein;MPC_BOOL_A_8;Aktivierung Beschränkung by1; ; ;N/A;PCS7-IO-Controller;IO-Device;BOOL;AW2614.7;0,125;N/A; ; ; ;
328;Nein;MPC_BOOL_A_9;Aktivierung Beschränkung by2; ; ;N/A;PCS7-IO-Controller;IO-Device;BOOL;AW2615.0;0,125;N/A; ; ; ;
329;Nein;MPC_BOOL_A_10;Aktivierung Beschränkung by3; ; ;N/A;PCS7-IO-Controller;IO-Device;BOOL;AW2615.1;0,125;N/A; ; ; ;
330;Nein;MPC_BOOL_A_11;Aktivierung Beschränkung by4; ; ;N/A;PCS7-IO-Controller;IO-Device;BOOL;AW2615.2;0,125;N/A; ; ; ;
331;Nein;MPC_BOOL_A_12;Aktivierung Beschränkung by5; ; ;N/A;PCS7-IO-Controller;IO-Device;BOOL;AW2615.3;0,125;N/A; ; ; ;
332;Nein;MPC_BOOL_A_13;Aktivierung Beschränkung by6; ; ;N/A;PCS7-IO-Controller;IO-Device;BOOL;AW2615.4;0,125;N/A; ; ; ;
333;Nein;MPC_BOOL_A_14;Aktivierung Beschränkung by7; ; ;N/A;PCS7-IO-Controller;IO-Device;BOOL;AW2615.5;0,125;N/A; ; ; ;
334;Nein;MPC_BOOL_A_15;Aktivierung Stellgrößenbeschränkungen; ; ;N/A;PCS7-IO-Controller;IO-Device;BOOL;AW2615.6;0,125;N/A; ; ; ;
335;Nein;MPC_BOOL_A_16;Aktivierung Regelgrößenbeschränkungen; ; ;N/A;PCS7-IO-Controller;IO-Device;BOOL;AW2615.7;0,125;N/A; ; ; ;
336;Nein;MPC_BOOL_A_17;MPC COMMAND ON; ; ;N/A;PCS7-IO-Controller;IO-Device;BOOL;AW2616.0;0,125;N/A; ; ; ;
337;Nein;MPC_BOOL_A_18;Toggle bit (Wachdog); ; ;N/A;PCS7-IO-Controller;IO-Device;BOOL;AW2616.1;0,125;N/A; ; ; ;
338;Nein;MPC_BOOL_A_19;MPC RELEASE ON; ; ;N/A;PCS7-IO-Controller;IO-Device;BOOL;AW2616.2;0,125;N/A; ; ; ;
339;Nein;MPC_BOOL_A_20;ET Level Control aktiv; ; ;N/A;PCS7-IO-Controller;IO-Device;BOOL;AW2616.3;0,125;N/A; ; ; ;
340;Nein;MPC_BOOL_A_21;AT Level Control aktiv; ; ;N/A;PCS7-IO-Controller;IO-Device;BOOL;AW2616.4;0,125;N/A; ; ; ;
341;Nein;MPC_BOOL_A_22;SPARE MPC BOOL Param 1; ; ;N/A;PCS7-IO-Controller;IO-Device;BOOL;AW2616.5;0,125;N/A; ; ; ;
342;Nein;MPC_BOOL_A_23;SPARE MPC BOOL Param 2; ; ;N/A;PCS7-IO-Controller;IO-Device;BOOL;AW2616.6;0,125;N/A; ; ; ;
343;Nein;MPC_BOOL_A_24;SPARE MPC BOOL Param 3; ; ;N/A;PCS7-IO-Controller;IO-Device;BOOL;AW2616.7;0,125;N/A; ; ; ;
344;Nein;MPC_BOOL_A_25;SPARE MPC BOOL Param 4; ; ;N/A;PCS7-IO-Controller;IO-Device;BOOL;AW2617.0;0,125;N/A; ; ; ;
345;Nein;MPC_BOOL_A_26;SPARE MPC BOOL Param 5; ; ;N/A;PCS7-IO-Controller;IO-Device;BOOL;AW2617.1;0,125;N/A; ; ; ;
346;Nein;MPC_BOOL_A_27;SPARE MPC BOOL Param 6; ; ;N/A;PCS7-IO-Controller;IO-Device;BOOL;AW2617.2;0,125;N/A; ; ; ;
347;Nein;MPC_BOOL_A_28;SPARE MPC BOOL Param 7; ; ;N/A;PCS7-IO-Controller;IO-Device;BOOL;AW2617.3;0,125;N/A; ; ; ;
348;Nein;MPC_BOOL_A_29;SPARE MPC BOOL Param 8; ; ;N/A;PCS7-IO-Controller;IO-Device;BOOL;AW2617.4;0,125;N/A; ; ; ;
349;Nein;MPC_BOOL_A_30;SPARE MPC BOOL Param 9; ; ;N/A;PCS7-IO-Controller;IO-Device;BOOL;AW2617.5;0,125;N/A; ; ; ;
350;Nein;MPC_BOOL_A_31;SPARE MPC BOOL Param 10; ; ;N/A;PCS7-IO-Controller;IO-Device;BOOL;AW2617.6;0,125;N/A; ; ; ;
351;Nein;MPC_BOOL_A_32;SPARE MPC BOOL Param 11; ; ;N/A;PCS7-IO-Controller;IO-Device;BOOL;AW2617.7;0,125;N/A; ; ; ;
352;Nein;MPC_REAL_A_39;SPARE MPC REAL Param 1; ; ;N/A;PCS7-IO-Controller;IO-Device;Scaled REAL;AW2618;2;0; ; ; ;
353;Nein;MPC_REAL_A_40;SPARE MPC REAL Param 2; ; ;N/A;PCS7-IO-Controller;IO-Device;Scaled REAL;AW2620;2;0; ; ; ;
354;Nein;MPC_REAL_A_41;SPARE MPC REAL Param 3; ; ;N/A;PCS7-IO-Controller;IO-Device;Scaled REAL;AW2622;2;0; ; ; ;
355;Nein;MPC_REAL_A_42;SPARE MPC REAL Param 4; ; ;N/A;PCS7-IO-Controller;IO-Device;Scaled REAL;AW2624;2;0; ; ; ;
356;Nein;MPC_REAL_A_43;SPARE MPC REAL Param 5; ; ;N/A;PCS7-IO-Controller;IO-Device;Scaled REAL;AW2626;2;0; ; ; ;
357;Nein;MPC_REAL_E_1;MPC Stellgröße 1;0;100;%;IO-Device;PCS7-IO-Controller;Scaled REAL;EW2000;2;0,00625; ; ; ;
358;Nein;MPC_REAL_E_2;MPC Stellgröße 2;0;100;%;IO-Device;PCS7-IO-Controller;Scaled REAL;EW2002;2;0,00625; ; ; ;
359;Nein;MPC_REAL_E_3;MPC Stellgröße 3;0;100;%;IO-Device;PCS7-IO-Controller;Scaled REAL;EW2004;2;0,00625; ; ; ;
360;Nein;MPC_INT16_E_1;MPC Status Indicator; ; ; ;IO-Device;PCS7-IO-Controller;INT;EW2006;2; ; ; ; ;
361;Nein;MPC_BOOL_E_1;Flag MPC off; ; ; ;IO-Device;PCS7-IO-Controller;BOOL;EW2008.0;0,125; ; ; ; ;
362;Nein;MPC_BOOL_E_2;Flag MPC Live Bit; ; ; ;IO-Device;PCS7-IO-Controller;BOOL;EW2008.1;0,125; ; ; ; ;
363;Nein;MPC_BOOL_E_3;Flag MPC running (Refelxion  COMMAND ON); ; ; ;IO-Device;PCS7-IO-Controller;BOOL;EW2008.2;0,125; ; ; ; ;
364;Nein;MPC_BOOL_E_4;Returned toggle bit (Watchdog); ; ; ;IO-Device;PCS7-IO-Controller;BOOL;EW2008.3;0,125; ; ; ; ;
365;Nein;MPC_BOOL_E_5;Flag QP Solver failed; ; ; ;IO-Device;PCS7-IO-Controller;BOOL;EW2008.4;0,125; ; ; ; ;
366;Nein;MPC_BOOL_E_6;Flag Cycle time viotation; ; ; ;IO-Device;PCS7-IO-Controller;BOOL;EW2008.5;0,125; ; ; ; ;
367;Nein;MPC_BOOL_E_7;Flag Regelgrößenbeschränkung nicht einzuhalten; ; ; ;IO-Device;PCS7-IO-Controller;BOOL;EW2008.6;0,125; ; ; ; ;
368;Nein;MPC_BOOL_E_8;SPARE MPC BOOL Flag 1; ; ; ;IO-Device;PCS7-IO-Controller;BOOL;EW2008.7;0,125; ; ; ; ;
369;Nein;MPC_BOOL_E_9;SPARE MPC BOOL Flag 2; ; ; ;IO-Device;PCS7-IO-Controller;BOOL;EW2009.0;0,125; ; ; ; ;
370;Nein;MPC_BOOL_E_10;SPARE MPC BOOL Flag 3; ; ; ;IO-Device;PCS7-IO-Controller;BOOL;EW2009.1;0,125; ; ; ; ;
371;Nein;MPC_BOOL_E_11;SPARE MPC BOOL Flag 4; ; ; ;IO-Device;PCS7-IO-Controller;BOOL;EW2009.2;0,125; ; ; ; ;
372;Nein;MPC_BOOL_E_12;SPARE MPC BOOL Flag 5; ; ; ;IO-Device;PCS7-IO-Controller;BOOL;EW2009.3;0,125; ; ; ; ;
373;Nein;MPC_BOOL_E_13;SPARE MPC BOOL Flag 6; ; ; ;IO-Device;PCS7-IO-Controller;BOOL;EW2009.4;0,125; ; ; ; ;
374;Nein;MPC_BOOL_E_14;SPARE MPC BOOL Flag 7; ; ; ;IO-Device;PCS7-IO-Controller;BOOL;EW2009.5;0,125; ; ; ; ;
375;Nein;MPC_BOOL_E_15;SPARE MPC BOOL Flag 8; ; ; ;IO-Device;PCS7-IO-Controller;BOOL;EW2009.6;0,125; ; ; ; ;
376;Nein;MPC_BOOL_E_16;SPARE MPC BOOL Flag 9; ; ; ;IO-Device;PCS7-IO-Controller;BOOL;EW2009.7;0,125; ; ; ; ;
377;Nein;MPC_REAL_E_4;Prädizierte HTF Temperaturen 1;0;1000;°C;IO-Device;PCS7-IO-Controller;Scaled REAL;EW2010;2;0,0625; ; ; ;
378;Nein;MPC_REAL_E_5;Prädizierte HTF Temperaturen 2;0;1000;°C;IO-Device;PCS7-IO-Controller;Scaled REAL;EW2012;2;0,0625; ; ; ;
379;Nein;MPC_REAL_E_6;Prädizierte HTF Temperaturen 3;0;1000;°C;IO-Device;PCS7-IO-Controller;Scaled REAL;EW2014;2;0,0625; ; ; ;
380;Nein;MPC_REAL_E_7;Prädizierte HTF Temperaturen 4;0;1000;°C;IO-Device;PCS7-IO-Controller;Scaled REAL;EW2016;2;0,0625; ; ; ;
381;Nein;MPC_REAL_E_8;Prädizierte HTF Temperaturen 5;0;1000;°C;IO-Device;PCS7-IO-Controller;Scaled REAL;EW2018;2;0,0625; ; ; ;
382;Nein;MPC_REAL_E_9;Prädizierte HTF Temperaturen 6;0;1000;°C;IO-Device;PCS7-IO-Controller;Scaled REAL;EW2020;2;0,0625; ; ; ;
383;Nein;MPC_REAL_E_10;Prädizierte HTF Temperaturen 7;0;1000;°C;IO-Device;PCS7-IO-Controller;Scaled REAL;EW2022;2;0,0625; ; ; ;
384;Nein;MPC_REAL_E_11;Prädizierte HTF Temperaturen 8;0;1000;°C;IO-Device;PCS7-IO-Controller;Scaled REAL;EW2024;2;0,0625; ; ; ;
385;Nein;MPC_REAL_E_12;Prädizierte HTF Temperaturen 9;0;1000;°C;IO-Device;PCS7-IO-Controller;Scaled REAL;EW2026;2;0,0625; ; ; ;
386;Nein;MPC_REAL_E_13;Prädizierte HTF Temperaturen 10;0;1000;°C;IO-Device;PCS7-IO-Controller;Scaled REAL;EW2028;2;0,0625; ; ; ;
387;Nein;MPC_REAL_E_14;Größte Verletzung HTF Temperaturbeschränkung;-500;500;K;IO-Device;PCS7-IO-Controller;Scaled REAL;EW2030;2;0,0625; ; ; ;
388;Nein;MPC_REAL_E_15;Größte Verletzung Rohr außen Temperaturbeschränkung;-500;500;K;IO-Device;PCS7-IO-Controller;Scaled REAL;EW2032;2;0,0625; ; ; ;
389;Nein;MPC_REAL_E_16;Größte Verletzung Temperaturdifferenz-Beschränkung;-500;500;K;IO-Device;PCS7-IO-Controller;Scaled REAL;EW2034;2;0,0625; ; ; ;
390;Nein;MPC_REAL_E_17;Prädizierter Stellwert 1; ; ; ;IO-Device;PCS7-IO-Controller;Scaled REAL;EW2036;2; ; ; ; ;
391;Nein;MPC_REAL_E_18;Prädizierter Stellwert 2; ; ; ;IO-Device;PCS7-IO-Controller;Scaled REAL;EW2038;2; ; ; ; ;
392;Nein;MPC_REAL_E_19;Prädizierter Stellwert 3; ; ; ;IO-Device;PCS7-IO-Controller;Scaled REAL;EW2040;2; ; ; ; ;
393;Nein;MPC_REAL_E_20;Prädizierter Stellwert 4; ; ; ;IO-Device;PCS7-IO-Controller;Scaled REAL;EW2042;2; ; ; ; ;
394;Nein;MPC_REAL_E_21;Prädizierter Stellwert 5; ; ; ;IO-Device;PCS7-IO-Controller;Scaled REAL;EW2044;2; ; ; ; ;
395;Nein;MPC_REAL_E_22;Prädizierter Stellwert 6; ; ; ;IO-Device;PCS7-IO-Controller;Scaled REAL;EW2046;2; ; ; ; ;
396;Nein;MPC_REAL_E_23;Prädizierter Stellwert 7; ; ; ;IO-Device;PCS7-IO-Controller;Scaled REAL;EW2048;2; ; ; ; ;
397;Nein;MPC_REAL_E_24;Prädizierter Stellwert 8; ; ; ;IO-Device;PCS7-IO-Controller;Scaled REAL;EW2050;2; ; ; ; ;
398;Nein;MPC_REAL_E_25;Prädizierter Stellwert 9; ; ; ;IO-Device;PCS7-IO-Controller;Scaled REAL;EW2052;2; ; ; ; ;
399;Nein;MPC_REAL_E_26;Prädizierter Stellwert 10; ; ; ;IO-Device;PCS7-IO-Controller;Scaled REAL;EW2054;2; ; ; ; ;
400;Nein;MPC_REAL_E_27;Modus der Prädiktionswerte; ; ; ;IO-Device;PCS7-IO-Controller;Scaled REAL;EW2056;2; ; ; ; ;
401;Nein;MPC_REAL_E_28;SPARE MPC Values to PCS7 1; ; ; ;IO-Device;PCS7-IO-Controller;Scaled REAL;EW2058;2; ; ; ; ;
402;Nein;MPC_REAL_E_29;SPARE MPC Values to PCS7 2; ; ; ;IO-Device;PCS7-IO-Controller;Scaled REAL;EW2060;2; ; ; ; ;
403;Nein;MPC_REAL_E_30;SPARE MPC Values to PCS7 3; ; ; ;IO-Device;PCS7-IO-Controller;Scaled REAL;EW2062;2; ; ; ; ;
404;Nein;MPC_REAL_E_31;SPARE MPC Values to PCS7 4; ; ; ;IO-Device;PCS7-IO-Controller;Scaled REAL;EW2064;2; ; ; ; ;
405;Nein;MPC_REAL_E_32;SPARE MPC Values to PCS7 5; ; ; ;IO-Device;PCS7-IO-Controller;Scaled REAL;EW2066;2; ; ; ; ;
406;Nein;MPC_REAL_E_33;SPARE MPC Values to PCS7 6; ; ; ;IO-Device;PCS7-IO-Controller;Scaled REAL;EW2068;2; ; ; ; ;
407;Nein;MPC_REAL_E_34;SPARE MPC Values to PCS7 7; ; ; ;IO-Device;PCS7-IO-Controller;Scaled REAL;EW2070;2; ; ; ; ;
408;Nein;MPC_REAL_E_35;SPARE MPC Values to PCS7 8; ; ; ;IO-Device;PCS7-IO-Controller;Scaled REAL;EW2072;2; ; ; ; ;
409;Nein;MPC_REAL_E_36;SPARE MPC Values to PCS7 9; ; ; ;IO-Device;PCS7-IO-Controller;Scaled REAL;EW2074;2; ; ; ; ;
410;Nein;MPC_REAL_E_37;SPARE MPC Values to PCS7 10; ; ; ;IO-Device;PCS7-IO-Controller;Scaled REAL;EW2076;2; ; ; ; ;
411;Nein;MPC_REAL_E_38;SPARE MPC Values to PCS7 11; ; ; ;IO-Device;PCS7-IO-Controller;Scaled REAL;EW2078;2; ; ; ; ;
412;Nein;MPC_REAL_E_39;SPARE MPC Values to PCS7 12; ; ; ;IO-Device;PCS7-IO-Controller;Scaled REAL;EW2080;2; ; ; ; ;
413;Nein;MPC_REAL_E_40;SPARE MPC Values to PCS7 13; ; ; ;IO-Device;PCS7-IO-Controller;Scaled REAL;EW2082;2; ; ; ; ;
414;Nein;MPC_REAL_E_41;SPARE MPC Values to PCS7 14; ; ; ;IO-Device;PCS7-IO-Controller;Scaled REAL;EW2084;2; ; ; ; ;
415;Nein;MPC_REAL_E_42;SPARE MPC Values to PCS7 15; ; ; ;IO-Device;PCS7-IO-Controller;Scaled REAL;EW2086;2; ; ; ; ;
416;Nein;MPC_REAL_E_43;SPARE MPC Values to PCS7 16; ; ; ;IO-Device;PCS7-IO-Controller;Scaled REAL;EW2088;2; ; ; ; ;
417;Nein;MPC_REAL_E_44;SPARE MPC Values to PCS7 17; ; ; ;IO-Device;PCS7-IO-Controller;Scaled REAL;EW2090;2; ; ; ; ;
418;Nein;MPC_REAL_E_45;SPARE MPC Values to PCS7 18; ; ; ;IO-Device;PCS7-IO-Controller;Scaled REAL;EW2092;2; ; ; ; ;
419;Nein;MPC_REAL_E_46;SPARE MPC Values to PCS7 19; ; ; ;IO-Device;PCS7-IO-Controller;Scaled REAL;EW2094;2; ; ; ; ;
420;Nein;MPC_REAL_E_47;SPARE MPC Values to PCS7 20; ; ; ;IO-Device;PCS7-IO-Controller;Scaled REAL;EW2096;2; ; ; ; ;
421;Nein;MPC_REAL_E_48;SPARE MPC Values to PCS7 21; ; ; ;IO-Device;PCS7-IO-Controller;Scaled REAL;EW2098;2; ; ; ; ;
422;Nein;MPC_REAL_E_49;SPARE MPC Values to PCS7 22; ; ; ;IO-Device;PCS7-IO-Controller;Scaled REAL;EW2100;2; ; ; ; ;
423;Nein;MPC_REAL_E_50;SPARE MPC Values to PCS7 23; ; ; ;IO-Device;PCS7-IO-Controller;Scaled REAL;EW2102;2; ; ; ; ;
424;Nein;MPC_REAL_E_51;SPARE MPC Values to PCS7 24; ; ; ;IO-Device;PCS7-IO-Controller;Scaled REAL;EW2104;2; ; ; ; ;
425;Nein;MPC_REAL_E_52;SPARE MPC Values to PCS7 25; ; ; ;IO-Device;PCS7-IO-Controller;Scaled REAL;EW2106;2; ; ; ; ;
426;Nein;MPC_REAL_E_53;SPARE MPC Values to PCS7 26; ; ; ;IO-Device;PCS7-IO-Controller;Scaled REAL;EW2108;2; ; ; ; ;
427;Nein;MPC_REAL_E_54;SPARE MPC Values to PCS7 27; ; ; ;IO-Device;PCS7-IO-Controller;Scaled REAL;EW2110;2; ; ; ; ;
428;Nein;MPC_REAL_E_55;SPARE MPC Values to PCS7 28; ; ; ;IO-Device;PCS7-IO-Controller;Scaled REAL;EW2112;2; ; ; ; ;
429;Nein;MPC_REAL_E_56;SPARE MPC Values to PCS7 29; ; ; ;IO-Device;PCS7-IO-Controller;Scaled REAL;EW2114;2; ; ; ; ;
430;Nein;MPC_REAL_E_57;SPARE MPC Values to PCS7 30; ; ; ;IO-Device;PCS7-IO-Controller;Scaled REAL;EW2116;2; ; ; ; ;
431;Nein;MPC_REAL_E_58;SPARE MPC Values to PCS7 31; ; ; ;IO-Device;PCS7-IO-Controller;Scaled REAL;EW2118;2; ; ; ; ;
432;Nein;MPC_REAL_E_59;SPARE MPC Values to PCS7 32; ; ; ;IO-Device;PCS7-IO-Controller;Scaled REAL;EW2120;2; ; ; ; ;
433;Nein;MPC_REAL_E_60;SPARE MPC Values to PCS7 33; ; ; ;IO-Device;PCS7-IO-Controller;Scaled REAL;EW2122;2; ; ; ; ;
434;Nein;MPC_REAL_E_61;SPARE MPC Values to PCS7 34; ; ; ;IO-Device;PCS7-IO-Controller;Scaled REAL;EW2124;2; ; ; ; ;
435;Nein;MPC_REAL_E_62;SPARE MPC Values to PCS7 35; ; ; ;IO-Device;PCS7-IO-Controller;Scaled REAL;EW2126;2; ; ; ; ;
436;Nein;MPC_REAL_E_63;SPARE MPC Values to PCS7 36; ; ; ;IO-Device;PCS7-IO-Controller;Scaled REAL;EW2128;2; ; ; ; ;
437;Nein;MPC_REAL_E_64;SPARE MPC Values to PCS7 37; ; ; ;IO-Device;PCS7-IO-Controller;Scaled REAL;EW2130;2; ; ; ; ;
438;Nein;MPC_REAL_E_65;SPARE MPC Values to PCS7 38; ; ; ;IO-Device;PCS7-IO-Controller;Scaled REAL;EW2132;2; ; ; ; ;
439;Nein;MPC_REAL_E_66;SPARE MPC Values to PCS7 39; ; ; ;IO-Device;PCS7-IO-Controller;Scaled REAL;EW2134;2; ; ; ; ;
; ; ; ; ; ; ; ; ; ; ; ; ; ; ; ;
; ; ; ; ; ; ; ; ; ; ; ; ; ; ; ;
; ; ; ; ; ; ; ; ; ; ; ; ; ; ; ;
; ; ; ; ; ; ; ; ; ; ; ; ; ; ; ;
; ; ; ; ; ; ; ; ; ; ; ; ; ; ; ;
; ; ; ; ; ; ; ; ; ; ; ; ; ; ; ;
; ; ; ; ; ; ; ; ; ; ; ; ; ; ; ;
; ; ; ; ; ; ; ; ; ; ; ; ; ; ; ;
; ; ; ; ; ; ; ; ; ; ; ; ; ; ; ;
; ; ; ; ; ; ; ; ; ; ; ; ; ; ; ;
; ; ; ; ; ; ; ; ; ; ; ; ; ; ; ;
; ; ; ; ; ; ; ; ; ; ; ; ; ; ; ;
; ; ; ; ; ; ; ; ; ; ; ; ; ; ; ;
; ; ; ; ; ; ; ; ; ; ; ; ; ; ; ;
; ; ; ; ; ; ; ; ; ; ; ; ; ; ; ;
; ; ; ; ; ; ; ; ; ; ; ; ; ; ; ;
; ; ; ; ; ; ; ; ; ; ; ; ; ; ; ;
; ; ; ; ; ; ; ; ; ; ; ; ; ; ; ;
; ; ; ; ; ; ; ; ; ; ; ; ; ; ; ;
; ; ; ; ; ; ; ; ; ; ; ; ; ; ; ;
; ; ; ; ; ; ; ; ; ; ; ; ; ; ; ;
; ; ; ; ; ; ; ; ; ; ; ; ; ; ; ;
; ; ; ; ; ; ; ; ; ; ; ; ; ; ; ;
; ; ; ; ; ; ; ; ; ; ; ; ; ; ; ;
; ; ; ; ; ; ; ; ; ; ; ; ; ; ; ;
; ; ; ; ; ; ; ; ; ; ; ; ; ; ; ;
; ; ; ; ; ; ; ; ; ; ; ; ; ; ; ;
; ; ; ; ; ; ; ; ; ; ; ; ; ; ; ;
; ; ; ; ; ; ; ; ; ; ; ; ; ; ; ;
; ; ; ; ; ; ; ; ; ; ; ; ; ; ; ;
; ; ; ; ; ; ; ; ; ; ; ; ; ; ; ;
; ; ; ; ; ; ; ; ; ; ; ; ; ; ; ;
; ; ; ; ; ; ; ; ; ; ; ; ; ; ; ;
; ; ; ; ; ; ; ; ; ; ; ; ; ; ; ;
; ; ; ; ; ; ; ; ; ; ; ; ; ; ; ;
; ; ; ; ; ; ; ; ; ; ; ; ; ; ; ;
; ; ; ; ; ; ; ; ; ; ; ; ; ; ; ;
; ; ; ; ; ; ; ; ; ; ; ; ; ; ; ;
; ; ; ; ; ; ; ; ; ; ; ; ; ; ; ;
; ; ; ; ; ; ; ; ; ; ; ; ; ; ; ;
; ; ; ; ; ; ; ; ; ; ; ; ; ; ; ;
; ; ; ; ; ; ; ; ; ; ; ; ; ; ; ;
; ; ; ; ; ; ; ; ; ; ; ; ; ; ; ;
; ; ; ; ; ; ; ; ; ; ; ; ; ; ; ;
; ; ; ; ; ; ; ; ; ; ; ; ; ; ; ;
; ; ; ; ; ; ; ; ; ; ; ; ; ; ; ;
; ; ; ; ; ; ; ; ; ; ; ; ; ; ; ;
; ; ; ; ; ; ; ; ; ; ; ; ; ; ; ;
; ; ; ; ; ; ; ; ; ; ; ; ; ; ; ;
; ; ; ; ; ; ; ; ; ; ; ; ; ; ; ;
; ; ; ; ; ; ; ; ; ; ; ; ; ; ; ;
; ; ; ; ; ; ; ; ; ; ; ; ; ; ; ;
; ; ; ; ; ; ; ; ; ; ; ; ; ; ; ;
; ; ; ; ; ; ; ; ; ; ; ; ; ; ; ;
; ; ; ; ; ; ; ; ; ; ; ; ; ; ; ;
; ; ; ; ; ; ; ; ; ; ; ; ; ; ; ;
; ; ; ; ; ; ; ; ; ; ; ; ; ; ; ;
; ; ; ; ; ; ; ; ; ; ; ; ; ; ; ;
; ; ; ; ; ; ; ; ; ; ; ; ; ; ; ;
; ; ; ; ; ; ; ; ; ; ; ; ; ; ; ;
; ; ; ; ; ; ; ; ; ; ; ; ; ; ; ;
; ; ; ; ; ; ; ; ; ; ; ; ; ; ; ;
; ; ; ; ; ; ; ; ; ; ; ; ; ; ; ;
; ; ; ; ; ; ; ; ; ; ; ; ; ; ; ;
; ; ; ; ; ; ; ; ; ; ; ; ; ; ; ;
; ; ; ; ; ; ; ; ; ; ; ; ; ; ; ;
; ; ; ; ; ; ; ; ; ; ; ; ; ; ; ;
; ; ; ; ; ; ; ; ; ; ; ; ; ; ; ;
; ; ; ; ; ; ; ; ; ; ; ; ; ; ; ;
; ; ; ; ; ; ; ; ; ; ; ; ; ; ; ;
; ; ; ; ; ; ; ; ; ; ; ; ; ; ; ;
; ; ; ; ; ; ; ; ; ; ; ; ; ; ; ;
; ; ; ; ; ; ; ; ; ; ; ; ; ; ; ;
; ; ; ; ; ; ; ; ; ; ; ; ; ; ; ;
; ; ; ; ; ; ; ; ; ; ; ; ; ; ; ;
; ; ; ; ; ; ; ; ; ; ; ; ; ; ; ;
; ; ; ; ; ; ; ; ; ; ; ; ; ; ; ;
; ; ; ; ; ; ; ; ; ; ; ; ; ; ; ;
; ; ; ; ; ; ; ; ; ; ; ; ; ; ; ;
; ; ; ; ; ; ; ; ; ; ; ; ; ; ; ;
; ; ; ; ; ; ; ; ; ; ; ; ; ; ; ;
; ; ; ; ; ; ; ; ; ; ; ; ; ; ; ;
; ; ; ; ; ; ; ; ; ; ; ; ; ; ; ;
; ; ; ; ; ; ; ; ; ; ; ; ; ; ; ;
; ; ; ; ; ; ; ; ; ; ; ; ; ; ; ;
; ; ; ; ; ; ; ; ; ; ; ; ; ; ; ;
; ; ; ; ; ; ; ; ; ; ; ; ; ; ; ;
; ; ; ; ; ; ; ; ; ; ; ; ; ; ; ;
; ; ; ; ; ; ; ; ; ; ; ; ; ; ; ;
; ; ; ; ; ; ; ; ; ; ; ; ; ; ; ;
; ; ; ; ; ; ; ; ; ; ; ; ; ; ; ;
; ; ; ; ; ; ; ; ; ; ; ; ; ; ; ;
; ; ; ; ; ; ; ; ; ; ; ; ; ; ; ;
; ; ; ; ; ; ; ; ; ; ; ; ; ; ; ;
; ; ; ; ; ; ; ; ; ; ; ; ; ; ; ;
; ; ; ; ; ; ; ; ; ; ; ; ; ; ; ;
; ; ; ; ; ; ; ; ; ; ; ; ; ; ; ;
; ; ; ; ; ; ; ; ; ; ; ; ; ; ; ;
; ; ; ; ; ; ; ; ; ; ; ; ; ; ; ;
; ; ; ; ; ; ; ; ; ; ; ; ; ; ; ;
; ; ; ; ; ; ; ; ; ; ; ; ; ; ; ;
; ; ; ; ; ; ; ; ; ; ; ; ; ; ; ;
; ; ; ; ; ; ; ; ; ; ; ; ; ; ; ;
; ; ; ; ; ; ; ; ; ; ; ; ; ; ; ;
; ; ; ; ; ; ; ; ; ; ; ; ; ; ; ;
; ; ; ; ; ; ; ; ; ; ; ; ; ; ; ;
; ; ; ; ; ; ; ; ; ; ; ; ; ; ; ;
; ; ; ; ; ; ; ; ; ; ; ; ; ; ; ;
; ; ; ; ; ; ; ; ; ; ; ; ; ; ; ;
; ; ; ; ; ; ; ; ; ; ; ; ; ; ; ;
; ; ; ; ; ; ; ; ; ; ; ; ; ; ; ;
; ; ; ; ; ; ; ; ; ; ; ; ; ; ; ;
; ; ; ; ; ; ; ; ; ; ; ; ; ; ; ;
; ; ; ; ; ; ; ; ; ; ; ; ; ; ; ;
; ; ; ; ; ; ; ; ; ; ; ; ; ; ; ;
; ; ; ; ; ; ; ; ; ; ; ; ; ; ; ;
; ; ; ; ; ; ; ; ; ; ; ; ; ; ; ;
; ; ; ; ; ; ; ; ; ; ; ; ; ; ; ;
; ; ; ; ; ; ; ; ; ; ; ; ; ; ; ;
; ; ; ; ; ; ; ; ; ; ; ; ; ; ; ;
; ; ; ; ; ; ; ; ; ; ; ; ; ; ; ;
; ; ; ; ; ; ; ; ; ; ; ; ; ; ; ;
; ; ; ; ; ; ; ; ; ; ; ; ; ; ; ;
; ; ; ; ; ; ; ; ; ; ; ; ; ; ; ;
; ; ; ; ; ; ; ; ; ; ; ; ; ; ; ;
; ; ; ; ; ; ; ; ; ; ; ; ; ; ; ;
; ; ; ; ; ; ; ; ; ; ; ; ; ; ; ;
; ; ; ; ; ; ; ; ; ; ; ; ; ; ; ;
; ; ; ; ; ; ; ; ; ; ; ; ; ; ; ;
; ; ; ; ; ; ; ; ; ; ; ; ; ; ; ;
; ; ; ; ; ; ; ; ; ; ; ; ; ; ; ;
; ; ; ; ; ; ; ; ; ; ; ; ; ; ; ;
; ; ; ; ; ; ; ; ; ; ; ; ; ; ; ;
; ; ; ; ; ; ; ; ; ; ; ; ; ; ; ;
; ; ; ; ; ; ; ; ; ; ; ; ; ; ; ;
; ; ; ; ; ; ; ; ; ; ; ; ; ; ; ;
; ; ; ; ; ; ; ; ; ; ; ; ; ; ; ;
; ; ; ; ; ; ; ; ; ; ; ; ; ; ; ;
; ; ; ; ; ; ; ; ; ; ; ; ; ; ; ;
; ; ; ; ; ; ; ; ; ; ; ; ; ; ; ;
; ; ; ; ; ; ; ; ; ; ; ; ; ; ; ;
; ; ; ; ; ; ; ; ; ; ; ; ; ; ; ;
; ; ; ; ; ; ; ; ; ; ; ; ; ; ; ;
; ; ; ; ; ; ; ; ; ; ; ; ; ; ; ;
; ; ; ; ; ; ; ; ; ; ; ; ; ; ; ;
; ; ; ; ; ; ; ; ; ; ; ; ; ; ; ;
; ; ; ; ; ; ; ; ; ; ; ; ; ; ; ;
; ; ; ; ; ; ; ; ; ; ; ; ; ; ; ;
; ; ; ; ; ; ; ; ; ; ; ; ; ; ; ;
; ; ; ; ; ; ; ; ; ; ; ; ; ; ; ;
; ; ; ; ; ; ; ; ; ; ; ; ; ; ; ;
; ; ; ; ; ; ; ; ; ; ; ; ; ; ; ;
; ; ; ; ; ; ; ; ; ; ; ; ; ; ; ;
; ; ; ; ; ; ; ; ; ; ; ; ; ; ; ;
; ; ; ; ; ; ; ; ; ; ; ; ; ; ; ;
; ; ; ; ; ; ; ; ; ; ; ; ; ; ; ;
; ; ; ; ; ; ; ; ; ; ; ; ; ; ; ;
; ; ; ; ; ; ; ; ; ; ; ; ; ; ; ;
; ; ; ; ; ; ; ; ; ; ; ; ; ; ; ;
; ; ; ; ; ; ; ; ; ; ; ; ; ; ; ;
; ; ; ; ; ; ; ; ; ; ; ; ; ; ; ;
; ; ; ; ; ; ; ; ; ; ; ; ; ; ; ;
; ; ; ; ; ; ; ; ; ; ; ; ; ; ; ;
; ; ; ; ; ; ; ; ; ; ; ; ; ; ; ;
; ; ; ; ; ; ; ; ; ; ; ; ; ; ; ;
; ; ; ; ; ; ; ; ; ; ; ; ; ; ; ;
; ; ; ; ; ; ; ; ; ; ; ; ; ; ; ;
; ; ; ; ; ; ; ; ; ; ; ; ; ; ; ;
; ; ; ; ; ; ; ; ; ; ; ; ; ; ; ;
; ; ; ; ; ; ; ; ; ; ; ; ; ; ; ;
; ; ; ; ; ; ; ; ; ; ; ; ; ; ; ;
; ; ; ; ; ; ; ; ; ; ; ; ; ; ; ;
; ; ; ; ; ; ; ; ; ; ; ; ; ; ; ;
; ; ; ; ; ; ; ; ; ; ; ; ; ; ; ;
; ; ; ; ; ; ; ; ; ; ; ; ; ; ; ;
; ; ; ; ; ; ; ; ; ; ; ; ; ; ; ;
; ; ; ; ; ; ; ; ; ; ; ; ; ; ; ;
; ; ; ; ; ; ; ; ; ; ; ; ; ; ; ;
; ; ; ; ; ; ; ; ; ; ; ; ; ; ; ;
; ; ; ; ; ; ; ; ; ; ; ; ; ; ; ;
; ; ; ; ; ; ; ; ; ; ; ; ; ; ; ;
; ; ; ; ; ; ; ; ; ; ; ; ; ; ; ;
; ; ; ; ; ; ; ; ; ; ; ; ; ; ; ;
; ; ; ; ; ; ; ; ; ; ; ; ; ; ; ;
; ; ; ; ; ; ; ; ; ; ; ; ; ; ; ;
; ; ; ; ; ; ; ; ; ; ; ; ; ; ; ;
; ; ; ; ; ; ; ; ; ; ; ; ; ; ; ;
; ; ; ; ; ; ; ; ; ; ; ; ; ; ; ;
; ; ; ; ; ; ; ; ; ; ; ; ; ; ; ;
; ; ; ; ; ; ; ; ; ; ; ; ; ; ; ;
; ; ; ; ; ; ; ; ; ; ; ; ; ; ; ;
; ; ; ; ; ; ; ; ; ; ; ; ; ; ; ;
; ; ; ; ; ; ; ; ; ; ; ; ; ; ; ;
; ; ; ; ; ; ; ; ; ; ; ; ; ; ; ;
; ; ; ; ; ; ; ; ; ; ; ; ; ; ; ;
; ; ; ; ; ; ; ; ; ; ; ; ; ; ; ;
; ; ; ; ; ; ; ; ; ; ; ; ; ; ; ;
; ; ; ; ; ; ; ; ; ; ; ; ; ; ; ;
; ; ; ; ; ; ; ; ; ; ; ; ; ; ; ;
; ; ; ; ; ; ; ; ; ; ; ; ; ; ; ;
; ; ; ; ; ; ; ; ; ; ; ; ; ; ; ;
; ; ; ; ; ; ; ; ; ; ; ; ; ; ; ;
; ; ; ; ; ; ; ; ; ; ; ; ; ; ; ;
; ; ; ; ; ; ; ; ; ; ; ; ; ; ; ;
; ; ; ; ; ; ; ; ; ; ; ; ; ; ; ;
; ; ; ; ; ; ; ; ; ; ; ; ; ; ; ;
; ; ; ; ; ; ; ; ; ; ; ; ; ; ; ;
; ; ; ; ; ; ; ; ; ; ; ; ; ; ; ;
; ; ; ; ; ; ; ; ; ; ; ; ; ; ; ;
; ; ; ; ; ; ; ; ; ; ; ; ; ; ; ;
; ; ; ; ; ; ; ; ; ; ; ; ; ; ; ;
; ; ; ; ; ; ; ; ; ; ; ; ; ; ; ;
; ; ; ; ; ; ; ; ; ; ; ; ; ; ; ;
; ; ; ; ; ; ; ; ; ; ; ; ; ; ; ;
; ; ; ; ; ; ; ; ; ; ; ; ; ; ; ;
; ; ; ; ; ; ; ; ; ; ; ; ; ; ; ;
; ; ; ; ; ; ; ; ; ; ; ; ; ; ; ;
; ; ; ; ; ; ; ; ; ; ; ; ; ; ; ;
; ; ; ; ; ; ; ; ; ; ; ; ; ; ; ;
; ; ; ; ; ; ; ; ; ; ; ; ; ; ; ;
; ; ; ; ; ; ; ; ; ; ; ; ; ; ; ;
; ; ; ; ; ; ; ; ; ; ; ; ; ; ; ;
; ; ; ; ; ; ; ; ; ; ; ; ; ; ; ;
; ; ; ; ; ; ; ; ; ; ; ; ; ; ; ;
; ; ; ; ; ; ; ; ; ; ; ; ; ; ; ;
; ; ; ; ; ; ; ; ; ; ; ; ; ; ; ;
; ; ; ; ; ; ; ; ; ; ; ; ; ; ; ;
; ; ; ; ; ; ; ; ; ; ; ; ; ; ; ;
; ; ; ; ; ; ; ; ; ; ; ; ; ; ; ;
; ; ; ; ; ; ; ; ; ; ; ; ; ; ; ;
; ; ; ; ; ; ; ; ; ; ; ; ; ; ; ;
; ; ; ; ; ; ; ; ; ; ; ; ; ; ; ;
; ; ; ; ; ; ; ; ; ; ; ; ; ; ; ;
; ; ; ; ; ; ; ; ; ; ; ; ; ; ; ;
; ; ; ; ; ; ; ; ; ; ; ; ; ; ; ;
; ; ; ; ; ; ; ; ; ; ; ; ; ; ; ;
; ; ; ; ; ; ; ; ; ; ; ; ; ; ; ;
; ; ; ; ; ; ; ; ; ; ; ; ; ; ; ;
; ; ; ; ; ; ; ; ; ; ; ; ; ; ; ;
; ; ; ; ; ; ; ; ; ; ; ; ; ; ; ;
; ; ; ; ; ; ; ; ; ; ; ; ; ; ; ;
; ; ; ; ; ; ; ; ; ; ; ; ; ; ; ;
; ; ; ; ; ; ; ; ; ; ; ; ; ; ; ;
; ; ; ; ; ; ; ; ; ; ; ; ; ; ; ;
; ; ; ; ; ; ; ; ; ; ; ; ; ; ; ;
; ; ; ; ; ; ; ; ; ; ; ; ; ; ; ;
; ; ; ; ; ; ; ; ; ; ; ; ; ; ; ;
; ; ; ; ; ; ; ; ; ; ; ; ; ; ; ;
; ; ; ; ; ; ; ; ; ; ; ; ; ; ; ;
; ; ; ; ; ; ; ; ; ; ; ; ; ; ; ;
; ; ; ; ; ; ; ; ; ; ; ; ; ; ; ;
; ; ; ; ; ; ; ; ; ; ; ; ; ; ; ;
; ; ; ; ; ; ; ; ; ; ; ; ; ; ; ;
; ; ; ; ; ; ; ; ; ; ; ; ; ; ; ;
; ; ; ; ; ; ; ; ; ; ; ; ; ; ; ;
; ; ; ; ; ; ; ; ; ; ; ; ; ; ; ;
; ; ; ; ; ; ; ; ; ; ; ; ; ; ; ;
; ; ; ; ; ; ; ; ; ; ; ; ; ; ; ;
; ; ; ; ; ; ; ; ; ; ; ; ; ; ; ;
; ; ; ; ; ; ; ; ; ; ; ; ; ; ; ;
; ; ; ; ; ; ; ; ; ; ; ; ; ; ; ;
; ; ; ; ; ; ; ; ; ; ; ; ; ; ; ;
; ; ; ; ; ; ; ; ; ; ; ; ; ; ; ;
; ; ; ; ; ; ; ; ; ; ; ; ; ; ; ;
; ; ; ; ; ; ; ; ; ; ; ; ; ; ; ;
; ; ; ; ; ; ; ; ; ; ; ; ; ; ; ;
; ; ; ; ; ; ; ; ; ; ; ; ; ; ; ;
; ; ; ; ; ; ; ; ; ; ; ; ; ; ; ;
; ; ; ; ; ; ; ; ; ; ; ; ; ; ; ;
; ; ; ; ; ; ; ; ; ; ; ; ; ; ; ;
; ; ; ; ; ; ; ; ; ; ; ; ; ; ; ;
; ; ; ; ; ; ; ; ; ; ; ; ; ; ; ;
; ; ; ; ; ; ; ; ; ; ; ; ; ; ; ;
; ; ; ; ; ; ; ; ; ; ; ; ; ; ; ;
; ; ; ; ; ; ; ; ; ; ; ; ; ; ; ;
; ; ; ; ; ; ; ; ; ; ; ; ; ; ; ;
; ; ; ; ; ; ; ; ; ; ; ; ; ; ; ;
; ; ; ; ; ; ; ; ; ; ; ; ; ; ; ;
; ; ; ; ; ; ; ; ; ; ; ; ; ; ; ;
; ; ; ; ; ; ; ; ; ; ; ; ; ; ; ;
; ; ; ; ; ; ; ; ; ; ; ; ; ; ; ;
; ; ; ; ; ; ; ; ; ; ; ; ; ; ; ;
; ; ; ; ; ; ; ; ; ; ; ; ; ; ; ;
; ; ; ; ; ; ; ; ; ; ; ; ; ; ; ;
; ; ; ; ; ; ; ; ; ; ; ; ; ; ; ;
; ; ; ; ; ; ; ; ; ; ; ; ; ; ; ;
; ; ; ; ; ; ; ; ; ; ; ; ; ; ; ;
; ; ; ; ; ; ; ; ; ; ; ; ; ; ; ;
; ; ; ; ; ; ; ; ; ; ; ; ; ; ; ;
; ; ; ; ; ; ; ; ; ; ; ; ; ; ; ;
; ; ; ; ; ; ; ; ; ; ; ; ; ; ; ;
; ; ; ; ; ; ; ; ; ; ; ; ; ; ; ;
; ; ; ; ; ; ; ; ; ; ; ; ; ; ; ;
; ; ; ; ; ; ; ; ; ; ; ; ; ; ; ;
; ; ; ; ; ; ; ; ; ; ; ; ; ; ; ;
; ; ; ; ; ; ; ; ; ; ; ; ; ; ; ;
; ; ; ; ; ; ; ; ; ; ; ; ; ; ; ;
; ; ; ; ; ; ; ; ; ; ; ; ; ; ; ;
; ; ; ; ; ; ; ; ; ; ; ; ; ; ; ;
; ; ; ; ; ; ; ; ; ; ; ; ; ; ; ;
; ; ; ; ; ; ; ; ; ; ; ; ; ; ; ;
; ; ; ; ; ; ; ; ; ; ; ; ; ; ; ;
; ; ; ; ; ; ; ; ; ; ; ; ; ; ; ;
; ; ; ; ; ; ; ; ; ; ; ; ; ; ; ;
; ; ; ; ; ; ; ; ; ; ; ; ; ; ; ;
; ; ; ; ; ; ; ; ; ; ; ; ; ; ; ;
; ; ; ; ; ; ; ; ; ; ; ; ; ; ; ;
; ; ; ; ; ; ; ; ; ; ; ; ; ; ; ;
; ; ; ; ; ; ; ; ; ; ; ; ; ; ; ;
; ; ; ; ; ; ; ; ; ; ; ; ; ; ; ;
; ; ; ; ; ; ; ; ; ; ; ; ; ; ; ;
; ; ; ; ; ; ; ; ; ; ; ; ; ; ; ;
; ; ; ; ; ; ; ; ; ; ; ; ; ; ; ;
; ; ; ; ; ; ; ; ; ; ; ; ; ; ; ;
; ; ; ; ; ; ; ; ; ; ; ; ; ; ; ;
; ; ; ; ; ; ; ; ; ; ; ; ; ; ; ;
; ; ; ; ; ; ; ; ; ; ; ; ; ; ; ;
; ; ; ; ; ; ; ; ; ; ; ; ; ; ; ;
; ; ; ; ; ; ; ; ; ; ; ; ; ; ; ;
; ; ; ; ; ; ; ; ; ; ; ; ; ; ; ;
; ; ; ; ; ; ; ; ; ; ; ; ; ; ; ;
; ; ; ; ; ; ; ; ; ; ; ; ; ; ; ;
; ; ; ; ; ; ; ; ; ; ; ; ; ; ; ;
; ; ; ; ; ; ; ; ; ; ; ; ; ; ; ;
; ; ; ; ; ; ; ; ; ; ; ; ; ; ; ;
; ; ; ; ; ; ; ; ; ; ; ; ; ; ; ;
; ; ; ; ; ; ; ; ; ; ; ; ; ; ; ;
; ; ; ; ; ; ; ; ; ; ; ; ; ; ; ;
; ; ; ; ; ; ; ; ; ; ; ; ; ; ; ;
; ; ; ; ; ; ; ; ; ; ; ; ; ; ; ;
; ; ; ; ; ; ; ; ; ; ; ; ; ; ; ;
; ; ; ; ; ; ; ; ; ; ; ; ; ; ; ;
; ; ; ; ; ; ; ; ; ; ; ; ; ; ; ;
; ; ; ; ; ; ; ; ; ; ; ; ; ; ; ;
; ; ; ; ; ; ; ; ; ; ; ; ; ; ; ;
; ; ; ; ; ; ; ; ; ; ; ; ; ; ; ;
; ; ; ; ; ; ; ; ; ; ; ; ; ; ; ;
; ; ; ; ; ; ; ; ; ; ; ; ; ; ; ;
; ; ; ; ; ; ; ; ; ; ; ; ; ; ; ;
; ; ; ; ; ; ; ; ; ; ; ; ; ; ; ;
; ; ; ; ; ; ; ; ; ; ; ; ; ; ; ;
; ; ; ; ; ; ; ; ; ; ; ; ; ; ; ;
; ; ; ; ; ; ; ; ; ; ; ; ; ; ; ;
; ; ; ; ; ; ; ; ; ; ; ; ; ; ; ;
; ; ; ; ; ; ; ; ; ; ; ; ; ; ; ;
; ; ; ; ; ; ; ; ; ; ; ; ; ; ; ;
; ; ; ; ; ; ; ; ; ; ; ; ; ; ; ;
; ; ; ; ; ; ; ; ; ; ; ; ; ; ; ;
; ; ; ; ; ; ; ; ; ; ; ; ; ; ; ;
; ; ; ; ; ; ; ; ; ; ; ; ; ; ; ;
; ; ; ; ; ; ; ; ; ; ; ; ; ; ; ;
; ; ; ; ; ; ; ; ; ; ; ; ; ; ; ;
; ; ; ; ; ; ; ; ; ; ; ; ; ; ; ;
; ; ; ; ; ; ; ; ; ; ; ; ; ; ; ;
; ; ; ; ; ; ; ; ; ; ; ; ; ; ; ;
; ; ; ; ; ; ; ; ; ; ; ; ; ; ; ;
; ; ; ; ; ; ; ; ; ; ; ; ; ; ; ;
; ; ; ; ; ; ; ; ; ; ; ; ; ; ; ;
; ; ; ; ; ; ; ; ; ; ; ; ; ; ; ;
; ; ; ; ; ; ; ; ; ; ; ; ; ; ; ;
; ; ; ; ; ; ; ; ; ; ; ; ; ; ; ;
; ; ; ; ; ; ; ; ; ; ; ; ; ; ; ;
; ; ; ; ; ; ; ; ; ; ; ; ; ; ; ;
; ; ; ; ; ; ; ; ; ; ; ; ; ; ; ;
; ; ; ; ; ; ; ; ; ; ; ; ; ; ; ;
; ; ; ; ; ; ; ; ; ; ; ; ; ; ; ;
; ; ; ; ; ; ; ; ; ; ; ; ; ; ; ;
; ; ; ; ; ; ; ; ; ; ; ; ; ; ; ;
; ; ; ; ; ; ; ; ; ; ; ; ; ; ; ;
; ; ; ; ; ; ; ; ; ; ; ; ; ; ; ;
; ; ; ; ; ; ; ; ; ; ; ; ; ; ; ;
; ; ; ; ; ; ; ; ; ; ; ; ; ; ; ;
; ; ; ; ; ; ; ; ; ; ; ; ; ; ; ;
; ; ; ; ; ; ; ; ; ; ; ; ; ; ; ;
; ; ; ; ; ; ; ; ; ; ; ; ; ; ; ;
; ; ; ; ; ; ; ; ; ; ; ; ; ; ; ;
; ; ; ; ; ; ; ; ; ; ; ; ; ; ; ;
; ; ; ; ; ; ; ; ; ; ; ; ; ; ; ;
; ; ; ; ; ; ; ; ; ; ; ; ; ; ; ;
; ; ; ; ; ; ; ; ; ; ; ; ; ; ; ;
; ; ; ; ; ; ; ; ; ; ; ; ; ; ; ;
; ; ; ; ; ; ; ; ; ; ; ; ; ; ; ;
; ; ; ; ; ; ; ; ; ; ; ; ; ; ; ;
; ; ; ; ; ; ; ; ; ; ; ; ; ; ; ;
; ; ; ; ; ; ; ; ; ; ; ; ; ; ; ;
; ; ; ; ; ; ; ; ; ; ; ; ; ; ; ;
; ; ; ; ; ; ; ; ; ; ; ; ; ; ; ;
; ; ; ; ; ; ; ; ; ; ; ; ; ; ; ;
; ; ; ; ; ; ; ; ; ; ; ; ; ; ; ;
; ; ; ; ; ; ; ; ; ; ; ; ; ; ; ;
; ; ; ; ; ; ; ; ; ; ; ; ; ; ; ;
; ; ; ; ; ; ; ; ; ; ; ; ; ; ; ;
; ; ; ; ; ; ; ; ; ; ; ; ; ; ; ;
; ; ; ; ; ; ; ; ; ; ; ; ; ; ; ;
; ; ; ; ; ; ; ; ; ; ; ; ; ; ; ;
; ; ; ; ; ; ; ; ; ; ; ; ; ; ; ;
; ; ; ; ; ; ; ; ; ; ; ; ; ; ; ;
; ; ; ; ; ; ; ; ; ; ; ; ; ; ; ;
; ; ; ; ; ; ; ; ; ; ; ; ; ; ; ;
; ; ; ; ; ; ; ; ; ; ; ; ; ; ; ;
; ; ; ; ; ; ; ; ; ; ; ; ; ; ; ;
; ; ; ; ; ; ; ; ; ; ; ; ; ; ; ;
; ; ; ; ; ; ; ; ; ; ; ; ; ; ; ;
; ; ; ; ; ; ; ; ; ; ; ; ; ; ; ;
; ; ; ; ; ; ; ; ; ; ; ; ; ; ; ;
; ; ; ; ; ; ; ; ; ; ; ; ; ; ; ;
; ; ; ; ; ; ; ; ; ; ; ; ; ; ; ;
; ; ; ; ; ; ; ; ; ; ; ; ; ; ; ;
; ; ; ; ; ; ; ; ; ; ; ; ; ; ; ;
; ; ; ; ; ; ; ; ; ; ; ; ; ; ; ;
; ; ; ; ; ; ; ; ; ; ; ; ; ; ; ;
; ; ; ; ; ; ; ; ; ; ; ; ; ; ; ;
; ; ; ; ; ; ; ; ; ; ; ; ; ; ; ;
; ; ; ; ; ; ; ; ; ; ; ; ; ; ; ;
; ; ; ; ; ; ; ; ; ; ; ; ; ; ; ;
; ; ; ; ; ; ; ; ; ; ; ; ; ; ; ;
; ; ; ; ; ; ; ; ; ; ; ; ; ; ; ;
; ; ; ; ; ; ; ; ; ; ; ; ; ; ; ;
; ; ; ; ; ; ; ; ; ; ; ; ; ; ; ;
; ; ; ; ; ; ; ; ; ; ; ; ; ; ; ;
; ; ; ; ; ; ; ; ; ; ; ; ; ; ; ;
; ; ; ; ; ; ; ; ; ; ; ; ; ; ; ;
; ; ; ; ; ; ; ; ; ; ; ; ; ; ; ;
; ; ; ; ; ; ; ; ; ; ; ; ; ; ; ;
; ; ; ; ; ; ; ; ; ; ; ; ; ; ; ;
; ; ; ; ; ; ; ; ; ; ; ; ; ; ; ;
; ; ; ; ; ; ; ; ; ; ; ; ; ; ; ;
; ; ; ; ; ; ; ; ; ; ; ; ; ; ; ;
; ; ; ; ; ; ; ; ; ; ; ; ; ; ; ;
; ; ; ; ; ; ; ; ; ; ; ; ; ; ; ;
; ; ; ; ; ; ; ; ; ; ; ; ; ; ; ;
; ; ; ; ; ; ; ; ; ; ; ; ; ; ; ;
; ; ; ; ; ; ; ; ; ; ; ; ; ; ; ;
; ; ; ; ; ; ; ; ; ; ; ; ; ; ; ;
; ; ; ; ; ; ; ; ; ; ; ; ; ; ; ;
; ; ; ; ; ; ; ; ; ; ; ; ; ; ; ;
; ; ; ; ; ; ; ; ; ; ; ; ; ; ; ;
; ; ; ; ; ; ; ; ; ; ; ; ; ; ; ;
; ; ; ; ; ; ; ; ; ; ; ; ; ; ; ;
; ; ; ; ; ; ; ; ; ; ; ; ; ; ; ;
; ; ; ; ; ; ; ; ; ; ; ; ; ; ; ;
; ; ; ; ; ; ; ; ; ; ; ; ; ; ; ;
; ; ; ; ; ; ; ; ; ; ; ; ; ; ; ;
; ; ; ; ; ; ; ; ; ; ; ; ; ; ; ;
; ; ; ; ; ; ; ; ; ; ; ; ; ; ; ;
; ; ; ; ; ; ; ; ; ; ; ; ; ; ; ;
; ; ; ; ; ; ; ; ; ; ; ; ; ; ; ;
; ; ; ; ; ; ; ; ; ; ; ; ; ; ; ;
; ; ; ; ; ; ; ; ; ; ; ; ; ; ; ;
; ; ; ; ; ; ; ; ; ; ; ; ; ; ; ;
; ; ; ; ; ; ; ; ; ; ; ; ; ; ; ;
; ; ; ; ; ; ; ; ; ; ; ; ; ; ; ;
; ; ; ; ; ; ; ; ; ; ; ; ; ; ; ;
; ; ; ; ; ; ; ; ; ; ; ; ; ; ; ;
; ; ; ; ; ; ; ; ; ; ; ; ; ; ; ;
; ; ; ; ; ; ; ; ; ; ; ; ; ; ; ;
; ; ; ; ; ; ; ; ; ; ; ; ; ; ; ;
; ; ; ; ; ; ; ; ; ; ; ; ; ; ; ;
; ; ; ; ; ; ; ; ; ; ; ; ; ; ; ;
; ; ; ; ; ; ; ; ; ; ; ; ; ; ; ;
; ; ; ; ; ; ; ; ; ; ; ; ; ; ; ;
; ; ; ; ; ; ; ; ; ; ; ; ; ; ; ;
; ; ; ; ; ; ; ; ; ; ; ; ; ; ; ;
; ; ; ; ; ; ; ; ; ; ; ; ; ; ; ;
; ; ; ; ; ; ; ; ; ; ; ; ; ; ; ;
; ; ; ; ; ; ; ; ; ; ; ; ; ; ; ;
; ; ; ; ; ; ; ; ; ; ; ; ; ; ; ;
; ; ; ; ; ; ; ; ; ; ; ; ; ; ; ;
; ; ; ; ; ; ; ; ; ; ; ; ; ; ; ;
; ; ; ; ; ; ; ; ; ; ; ; ; ; ; ;
; ; ; ; ; ; ; ; ; ; ; ; ; ; ; ;
; ; ; ; ; ; ; ; ; ; ; ; ; ; ; ;
; ; ; ; ; ; ; ; ; ; ; ; ; ; ; ;
; ; ; ; ; ; ; ; ; ; ; ; ; ; ; ;
; ; ; ; ; ; ; ; ; ; ; ; ; ; ; ;
; ; ; ; ; ; ; ; ; ; ; ; ; ; ; ;
; ; ; ; ; ; ; ; ; ; ; ; ; ; ; ;
; ; ; ; ; ; ; ; ; ; ; ; ; ; ; ;
; ; ; ; ; ; ; ; ; ; ; ; ; ; ; ;
; ; ; ; ; ; ; ; ; ; ; ; ; ; ; ;
; ; ; ; ; ; ; ; ; ; ; ; ; ; ; ;
; ; ; ; ; ; ; ; ; ; ; ; ; ; ; ;
; ; ; ; ; ; ; ; ; ; ; ; ; ; ; ;
; ; ; ; ; ; ; ; ; ; ; ; ; ; ; ;
; ; ; ; ; ; ; ; ; ; ; ; ; ; ; ;
; ; ; ; ; ; ; ; ; ; ; ; ; ; ; ;
; ; ; ; ; ; ; ; ; ; ; ; ; ; ; ;
; ; ; ; ; ; ; ; ; ; ; ; ; ; ; ;
; ; ; ; ; ; ; ; ; ; ; ; ; ; ; ;
; ; ; ; ; ; ; ; ; ; ; ; ; ; ; ;
; ; ; ; ; ; ; ; ; ; ; ; ; ; ; ;
; ; ; ; ; ; ; ; ; ; ; ; ; ; ; ;
; ; ; ; ; ; ; ; ; ; ; ; ; ; ; ;
; ; ; ; ; ; ; ; ; ; ; ; ; ; ; ;
; ; ; ; ; ; ; ; ; ; ; ; ; ; ; ;
; ; ; ; ; ; ; ; ; ; ; ; ; ; ; ;
; ; ; ; ; ; ; ; ; ; ; ; ; ; ; ;
; ; ; ; ; ; ; ; ; ; ; ; ; ; ; ;
; ; ; ; ; ; ; ; ; ; ; ; ; ; ; ;
; ; ; ; ; ; ; ; ; ; ; ; ; ; ; ;
; ; ; ; ; ; ; ; ; ; ; ; ; ; ; ;
; ; ; ; ; ; ; ; ; ; ; ; ; ; ; ;
; ; ; ; ; ; ; ; ; ; ; ; ; ; ; ;
; ; ; ; ; ; ; ; ; ; ; ; ; ; ; ;
; ; ; ; ; ; ; ; ; ; ; ; ; ; ; ;
; ; ; ; ; ; ; ; ; ; ; ; ; ; ; ;
; ; ; ; ; ; ; ; ; ; ; ; ; ; ; ;
; ; ; ; ; ; ; ; ; ; ; ; ; ; ; ;
; ; ; ; ; ; ; ; ; ; ; ; ; ; ; ;
; ; ; ; ; ; ; ; ; ; ; ; ; ; ; ;
; ; ; ; ; ; ; ; ; ; ; ; ; ; ; ;
; ; ; ; ; ; ; ; ; ; ; ; ; ; ; ;
; ; ; ; ; ; ; ; ; ; ; ; ; ; ; ;
; ; ; ; ; ; ; ; ; ; ; ; ; ; ; ;
; ; ; ; ; ; ; ; ; ; ; ; ; ; ; ;
; ; ; ; ; ; ; ; ; ; ; ; ; ; ; ;
; ; ; ; ; ; ; ; ; ; ; ; ; ; ; ;
; ; ; ; ; ; ; ; ; ; ; ; ; ; ; ;
; ; ; ; ; ; ; ; ; ; ; ; ; ; ; ;
; ; ; ; ; ; ; ; ; ; ; ; ; ; ; ;
; ; ; ; ; ; ; ; ; ; ; ; ; ; ; ;
; ; ; ; ; ; ; ; ; ; ; ; ; ; ; ;
; ; ; ; ; ; ; ; ; ; ; ; ; ; ; ;
; ; ; ; ; ; ; ; ; ; ; ; ; ; ; ;
; ; ; ; ; ; ; ; ; ; ; ; ; ; ; ;
; ; ; ; ; ; ; ; ; ; ; ; ; ; ; ;
; ; ; ; ; ; ; ; ; ; ; ; ; ; ; ;
; ; ; ; ; ; ; ; ; ; ; ; ; ; ; ;
; ; ; ; ; ; ; ; ; ; ; ; ; ; ; ;
; ; ; ; ; ; ; ; ; ; ; ; ; ; ; ;
; ; ; ; ; ; ; ; ; ; ; ; ; ; ; ;
; ; ; ; ; ; ; ; ; ; ; ; ; ; ; ;
; ; ; ; ; ; ; ; ; ; ; ; ; ; ; ;
; ; ; ; ; ; ; ; ; ; ; ; ; ; ; ;
; ; ; ; ; ; ; ; ; ; ; ; ; ; ; ;
; ; ; ; ; ; ; ; ; ; ; ; ; ; ; ;
; ; ; ; ; ; ; ; ; ; ; ; ; ; ; ;
; ; ; ; ; ; ; ; ; ; ; ; ; ; ; ;
; ; ; ; ; ; ; ; ; ; ; ; ; ; ; ;
; ; ; ; ; ; ; ; ; ; ; ; ; ; ; ;
; ; ; ; ; ; ; ; ; ; ; ; ; ; ; ;
; ; ; ; ; ; ; ; ; ; ; ; ; ; ; ;
; ; ; ; ; ; ; ; ; ; ; ; ; ; ; ;
; ; ; ; ; ; ; ; ; ; ; ; ; ; ; ;
; ; ; ; ; ; ; ; ; ; ; ; ; ; ; ;
; ; ; ; ; ; ; ; ; ; ; ; ; ; ; ;
; ; ; ; ; ; ; ; ; ; ; ; ; ; ; ;
; ; ; ; ; ; ; ; ; ; ; ; ; ; ; ;
; ; ; ; ; ; ; ; ; ; ; ; ; ; ; ;
; ; ; ; ; ; ; ; ; ; ; ; ; ; ; ;
; ; ; ; ; ; ; ; ; ; ; ; ; ; ; ;
; ; ; ; ; ; ; ; ; ; ; ; ; ; ; ;
; ; ; ; ; ; ; ; ; ; ; ; ; ; ; ;
; ; ; ; ; ; ; ; ; ; ; ; ; ; ; ;
; ; ; ; ; ; ; ; ; ; ; ; ; ; ; ;
; ; ; ; ; ; ; ; ; ; ; ; ; ; ; ;
; ; ; ; ; ; ; ; ; ; ; ; ; ; ; ;
; ; ; ; ; ; ; ; ; ; ; ; ; ; ; ;
; ; ; ; ; ; ; ; ; ; ; ; ; ; ; ;
; ; ; ; ; ; ; ; ; ; ; ; ; ; ; ;
; ; ; ; ; ; ; ; ; ; ; ; ; ; ; ;
; ; ; ; ; ; ; ; ; ; ; ; ; ; ; ;
; ; ; ; ; ; ; ; ; ; ; ; ; ; ; ;
; ; ; ; ; ; ; ; ; ; ; ; ; ; ; ;
; ; ; ; ; ; ; ; ; ; ; ; ; ; ; ;
; ; ; ; ; ; ; ; ; ; ; ; ; ; ; ;
; ; ; ; ; ; ; ; ; ; ; ; ; ; ; ;
; ; ; ; ; ; ; ; ; ; ; ; ; ; ; ;
; ; ; ; ; ; ; ; ; ; ; ; ; ; ; ;
; ; ; ; ; ; ; ; ; ; ; ; ; ; ; ;
; ; ; ; ; ; ; ; ; ; ; ; ; ; ; ;
; ; ; ; ; ; ; ; ; ; ; ; ; ; ; ;
; ; ; ; ; ; ; ; ; ; ; ; ; ; ; ;
; ; ; ; ; ; ; ; ; ; ; ; ; ; ; ;
; ; ; ; ; ; ; ; ; ; ; ; ; ; ; ;
; ; ; ; ; ; ; ; ; ; ; ; ; ; ; ;
; ; ; ; ; ; ; ; ; ; ; ; ; ; ; ;
; ; ; ; ; ; ; ; ; ; ; ; ; ; ; ;
; ; ; ; ; ; ; ; ; ; ; ; ; ; ; ;
; ; ; ; ; ; ; ; ; ; ; ; ; ; ; ;
; ; ; ; ; ; ; ; ; ; ; ; ; ; ; ;
; ; ; ; ; ; ; ; ; ; ; ; ; ; ; ;
; ; ; ; ; ; ; ; ; ; ; ; ; ; ; ;
; ; ; ; ; ; ; ; ; ; ; ; ; ; ; ;
; ; ; ; ; ; ; ; ; ; ; ; ; ; ; ;
; ; ; ; ; ; ; ; ; ; ; ; ; ; ; ;
; ; ; ; ; ; ; ; ; ; ; ; ; ; ; ;
; ; ; ; ; ; ; ; ; ; ; ; ; ; ; ;
; ; ; ; ; ; ; ; ; ; ; ; ; ; ; ;
; ; ; ; ; ; ; ; ; ; ; ; ; ; ; ;
; ; ; ; ; ; ; ; ; ; ; ; ; ; ; ;
; ; ; ; ; ; ; ; ; ; ; ; ; ; ; ;
; ; ; ; ; ; ; ; ; ; ; ; ; ; ; ;
; ; ; ; ; ; ; ; ; ; ; ; ; ; ; ;
; ; ; ; ; ; ; ; ; ; ; ; ; ; ; ;
; ; ; ; ; ; ; ; ; ; ; ; ; ; ; ;
; ; ; ; ; ; ; ; ; ; ; ; ; ; ; ;
; ; ; ; ; ; ; ; ; ; ; ; ; ; ; ;
; ; ; ; ; ; ; ; ; ; ; ; ; ; ; ;
; ; ; ; ; ; ; ; ; ; ; ; ; ; ; ;
; ; ; ; ; ; ; ; ; ; ; ; ; ; ; ;
; ; ; ; ; ; ; ; ; ; ; ; ; ; ; ;
; ; ; ; ; ; ; ; ; ; ; ; ; ; ; ;
; ; ; ; ; ; ; ; ; ; ; ; ; ; ; ;
; ; ; ; ; ; ; ; ; ; ; ; ; ; ; ;
; ; ; ; ; ; ; ; ; ; ; ; ; ; ; ;
; ; ; ; ; ; ; ; ; ; ; ; ; ; ; ;
; ; ; ; ; ; ; ; ; ; ; ; ; ; ; ;
; ; ; ; ; ; ; ; ; ; ; ; ; ; ; ;
; ; ; ; ; ; ; ; ; ; ; ; ; ; ; ;
; ; ; ; ; ; ; ; ; ; ; ; ; ; ; ;
; ; ; ; ; ; ; ; ; ; ; ; ; ; ; ;
; ; ; ; ; ; ; ; ; ; ; ; ; ; ; ;
; ; ; ; ; ; ; ; ; ; ; ; ; ; ; ;
; ; ; ; ; ; ; ; ; ; ; ; ; ; ; ;
; ; ; ; ; ; ; ; ; ; ; ; ; ; ; ;
; ; ; ; ; ; ; ; ; ; ; ; ; ; ; ;
; ; ; ; ; ; ; ; ; ; ; ; ; ; ; ;
; ; ; ; ; ; ; ; ; ; ; ; ; ; ; ;
; ; ; ; ; ; ; ; ; ; ; ; ; ; ; ;
; ; ; ; ; ; ; ; ; ; ; ; ; ; ; ;
; ; ; ; ; ; ; ; ; ; ; ; ; ; ; ;
; ; ; ; ; ; ; ; ; ; ; ; ; ; ; ;
; ; ; ; ; ; ; ; ; ; ; ; ; ; ; ;
; ; ; ; ; ; ; ; ; ; ; ; ; ; ; ;
; ; ; ; ; ; ; ; ; ; ; ; ; ; ; ;
; ; ; ; ; ; ; ; ; ; ; ; ; ; ; ;
; ; ; ; ; ; ; ; ; ; ; ; ; ; ; ;
; ; ; ; ; ; ; ; ; ; ; ; ; ; ; ;
; ; ; ; ; ; ; ; ; ; ; ; ; ; ; ;
; ; ; ; ; ; ; ; ; ; ; ; ; ; ; ;
; ; ; ; ; ; ; ; ; ; ; ; ; ; ; ;
; ; ; ; ; ; ; ; ; ; ; ; ; ; ; ;
; ; ; ; ; ; ; ; ; ; ; ; ; ; ; ;
; ; ; ; ; ; ; ; ; ; ; ; ; ; ; ;
; ; ; ; ; ; ; ; ; ; ; ; ; ; ; ;
; ; ; ; ; ; ; ; ; ; ; ; ; ; ; ;
; ; ; ; ; ; ; ; ; ; ; ; ; ; ; ;
; ; ; ; ; ; ; ; ; ; ; ; ; ; ; ;
; ; ; ; ; ; ; ; ; ; ; ; ; ; ; ;
; ; ; ; ; ; ; ; ; ; ; ; ; ; ; ;
; ; ; ; ; ; ; ; ; ; ; ; ; ; ; ;
; ; ; ; ; ; ; ; ; ; ; ; ; ; ; ;
; ; ; ; ; ; ; ; ; ; ; ; ; ; ; ;
; ; ; ; ; ; ; ; ; ; ; ; ; ; ; ;
; ; ; ; ; ; ; ; ; ; ; ; ; ; ; ;
; ; ; ; ; ; ; ; ; ; ; ; ; ; ; ;
; ; ; ; ; ; ; ; ; ; ; ; ; ; ; ;
; ; ; ; ; ; ; ; ; ; ; ; ; ; ; ;
; ; ; ; ; ; ; ; ; ; ; ; ; ; ; ;
; ; ; ; ; ; ; ; ; ; ; ; ; ; ; ;
; ; ; ; ; ; ; ; ; ; ; ; ; ; ; ;
; ; ; ; ; ; ; ; ; ; ; ; ; ; ; ;
; ; ; ; ; ; ; ; ; ; ; ; ; ; ; ;
; ; ; ; ; ; ; ; ; ; ; ; ; ; ; ;
; ; ; ; ; ; ; ; ; ; ; ; ; ; ; ;
; ; ; ; ; ; ; ; ; ; ; ; ; ; ; ;
; ; ; ; ; ; ; ; ; ; ; ; ; ; ; ;
; ; ; ; ; ; ; ; ; ; ; ; ; ; ; ;
; ; ; ; ; ; ; ; ; ; ; ; ; ; ; ;
; ; ; ; ; ; ; ; ; ; ; ; ; ; ; ;
; ; ; ; ; ; ; ; ; ; ; ; ; ; ; ;
; ; ; ; ; ; ; ; ; ; ; ; ; ; ; ;
; ; ; ; ; ; ; ; ; ; ; ; ; ; ; ;
; ; ; ; ; ; ; ; ; ; ; ; ; ; ; ;
; ; ; ; ; ; ; ; ; ; ; ; ; ; ; ;
; ; ; ; ; ; ; ; ; ; ; ; ; ; ; ;
; ; ; ; ; ; ; ; ; ; ; ; ; ; ; ;
; ; ; ; ; ; ; ; ; ; ; ; ; ; ; ;
; ; ; ; ; ; ; ; ; ; ; ; ; ; ; ;
; ; ; ; ; ; ; ; ; ; ; ; ; ; ; ;
; ; ; ; ; ; ; ; ; ; ; ; ; ; ; ;
; ; ; ; ; ; ; ; ; ; ; ; ; ; ; ;
; ; ; ; ; ; ; ; ; ; ; ; ; ; ; ;
; ; ; ; ; ; ; ; ; ; ; ; ; ; ; ;
; ; ; ; ; ; ; ; ; ; ; ; ; ; ; ;
; ; ; ; ; ; ; ; ; ; ; ; ; ; ; ;
; ; ; ; ; ; ; ; ; ; ; ; ; ; ; ;
; ; ; ; ; ; ; ; ; ; ; ; ; ; ; ;
; ; ; ; ; ; ; ; ; ; ; ; ; ; ; ;
; ; ; ; ; ; ; ; ; ; ; ; ; ; ; ;
; ; ; ; ; ; ; ; ; ; ; ; ; ; ; ;
; ; ; ; ; ; ; ; ; ; ; ; ; ; ; ;
; ; ; ; ; ; ; ; ; ; ; ; ; ; ; ;
; ; ; ; ; ; ; ; ; ; ; ; ; ; ; ;
; ; ; ; ; ; ; ; ; ; ; ; ; ; ; ;
; ; ; ; ; ; ; ; ; ; ; ; ; ; ; ;
; ; ; ; ; ; ; ; ; ; ; ; ; ; ; ;
; ; ; ; ; ; ; ; ; ; ; ; ; ; ; ;
; ; ; ; ; ; ; ; ; ; ; ; ; ; ; ;
; ; ; ; ; ; ; ; ; ; ; ; ; ; ; ;
; ; ; ; ; ; ; ; ; ; ; ; ; ; ; ;
; ; ; ; ; ; ; ; ; ; ; ; ; ; ; ;
; ; ; ; ; ; ; ; ; ; ; ; ; ; ; ;
; ; ; ; ; ; ; ; ; ; ; ; ; ; ; ;
; ; ; ; ; ; ; ; ; ; ; ; ; ; ; ;
; ; ; ; ; ; ; ; ; ; ; ; ; ; ; ;
; ; ; ; ; ; ; ; ; ; ; ; ; ; ; ;
; ; ; ; ; ; ; ; ; ; ; ; ; ; ; ;
; ; ; ; ; ; ; ; ; ; ; ; ; ; ; ;
; ; ; ; ; ; ; ; ; ; ; ; ; ; ; ;
; ; ; ; ; ; ; ; ; ; ; ; ; ; ; ;
; ; ; ; ; ; ; ; ; ; ; ; ; ; ; ;
; ; ; ; ; ; ; ; ; ; ; ; ; ; ; ;
; ; ; ; ; ; ; ; ; ; ; ; ; ; ; ;
; ; ; ; ; ; ; ; ; ; ; ; ; ; ; ;
; ; ; ; ; ; ; ; ; ; ; ; ; ; ; ;
; ; ; ; ; ; ; ; ; ; ; ; ; ; ; ;
; ; ; ; ; ; ; ; ; ; ; ; ; ; ; ;
; ; ; ; ; ; ; ; ; ; ; ; ; ; ; ;
; ; ; ; ; ; ; ; ; ; ; ; ; ; ; ;
; ; ; ; ; ; ; ; ; ; ; ; ; ; ; ;
; ; ; ; ; ; ; ; ; ; ; ; ; ; ; ;
; ; ; ; ; ; ; ; ; ; ; ; ; ; ; ;
; ; ; ; ; ; ; ; ; ; ; ; ; ; ; ;
; ; ; ; ; ; ; ; ; ; ; ; ; ; ; ;
; ; ; ; ; ; ; ; ; ; ; ; ; ; ; ;
; ; ; ; ; ; ; ; ; ; ; ; ; ; ; ;
; ; ; ; ; ; ; ; ; ; ; ; ; ; ; ;
; ; ; ; ; ; ; ; ; ; ; ; ; ; ; ;
; ; ; ; ; ; ; ; ; ; ; ; ; ; ; ;
; ; ; ; ; ; ; ; ; ; ; ; ; ; ; ;
; ; ; ; ; ; ; ; ; ; ; ; ; ; ; ;
; ; ; ; ; ; ; ; ; ; ; ; ; ; ; ;
; ; ; ; ; ; ; ; ; ; ; ; ; ; ; ;
; ; ; ; ; ; ; ; ; ; ; ; ; ; ; ;
; ; ; ; ; ; ; ; ; ; ; ; ; ; ; ;
; ; ; ; ; ; ; ; ; ; ; ; ; ; ; ;
; ; ; ; ; ; ; ; ; ; ; ; ; ; ; ;
; ; ; ; ; ; ; ; ; ; ; ; ; ; ; ;
; ; ; ; ; ; ; ; ; ; ; ; ; ; ; ;
; ; ; ; ; ; ; ; ; ; ; ; ; ; ; ;
; ; ; ; ; ; ; ; ; ; ; ; ; ; ; ;
; ; ; ; ; ; ; ; ; ; ; ; ; ; ; ;
; ; ; ; ; ; ; ; ; ; ; ; ; ; ; ;
; ; ; ; ; ; ; ; ; ; ; ; ; ; ; ;
; ; ; ; ; ; ; ; ; ; ; ; ; ; ; ;
; ; ; ; ; ; ; ; ; ; ; ; ; ; ; ;
; ; ; ; ; ; ; ; ; ; ; ; ; ; ; ;
; ; ; ; ; ; ; ; ; ; ; ; ; ; ; ;
; ; ; ; ; ; ; ; ; ; ; ; ; ; ; ;
; ; ; ; ; ; ; ; ; ; ; ; ; ; ; ;
; ; ; ; ; ; ; ; ; ; ; ; ; ; ; ;
; ; ; ; ; ; ; ; ; ; ; ; ; ; ; ;
; ; ; ; ; ; ; ; ; ; ; ; ; ; ; ;
; ; ; ; ; ; ; ; ; ; ; ; ; ; ; ;
; ; ; ; ; ; ; ; ; ; ; ; ; ; ; ;
; ; ; ; ; ; ; ; ; ; ; ; ; ; ; ;
; ; ; ; ; ; ; ; ; ; ; ; ; ; ; ;
; ; ; ; ; ; ; ; ; ; ; ; ; ; ; ;
; ; ; ; ; ; ; ; ; ; ; ; ; ; ; ;
; ; ; ; ; ; ; ; ; ; ; ; ; ; ; ;
; ; ; ; ; ; ; ; ; ; ; ; ; ; ; ;
; ; ; ; ; ; ; ; ; ; ; ; ; ; ; ;
; ; ; ; ; ; ; ; ; ; ; ; ; ; ; ;
; ; ; ; ; ; ; ; ; ; ; ; ; ; ; ;
; ; ; ; ; ; ; ; ; ; ; ; ; ; ; ;
; ; ; ; ; ; ; ; ; ; ; ; ; ; ; ;
; ; ; ; ; ; ; ; ; ; ; ; ; ; ; ;
; ; ; ; ; ; ; ; ; ; ; ; ; ; ; ;
; ; ; ; ; ; ; ; ; ; ; ; ; ; ; ;
; ; ; ; ; ; ; ; ; ; ; ; ; ; ; ;
; ; ; ; ; ; ; ; ; ; ; ; ; ; ; ;
; ; ; ; ; ; ; ; ; ; ; ; ; ; ; ;
; ; ; ; ; ; ; ; ; ; ; ; ; ; ; ;
; ; ; ; ; ; ; ; ; ; ; ; ; ; ; ;
; ; ; ; ; ; ; ; ; ; ; ; ; ; ; ;
; ; ; ; ; ; ; ; ; ; ; ; ; ; ; ;
; ; ; ; ; ; ; ; ; ; ; ; ; ; ; ;
; ; ; ; ; ; ; ; ; ; ; ; ; ; ; ;
; ; ; ; ; ; ; ; ; ; ; ; ; ; ; ;
; ; ; ; ; ; ; ; ; ; ; ; ; ; ; ;
; ; ; ; ; ; ; ; ; ; ; ; ; ; ; ;
; ; ; ; ; ; ; ; ; ; ; ; ; ; ; ;
; ; ; ; ; ; ; ; ; ; ; ; ; ; ; ;
; ; ; ; ; ; ; ; ; ; ; ; ; ; ; ;
; ; ; ; ; ; ; ; ; ; ; ; ; ; ; ;
; ; ; ; ; ; ; ; ; ; ; ; ; ; ; ;
; ; ; ; ; ; ; ; ; ; ; ; ; ; ; ;
; ; ; ; ; ; ; ; ; ; ; ; ; ; ; ;
; ; ; ; ; ; ; ; ; ; ; ; ; ; ; ;
; ; ; ; ; ; ; ; ; ; ; ; ; ; ; ;
; ; ; ; ; ; ; ; ; ; ; ; ; ; ; ;
; ; ; ; ; ; ; ; ; ; ; ; ; ; ; ;
; ; ; ; ; ; ; ; ; ; ; ; ; ; ; ;
; ; ; ; ; ; ; ; ; ; ; ; ; ; ; ;
; ; ; ; ; ; ; ; ; ; ; ; ; ; ; ;
; ; ; ; ; ; ; ; ; ; ; ; ; ; ; ;
; ; ; ; ; ; ; ; ; ; ; ; ; ; ; ;
; ; ; ; ; ; ; ; ; ; ; ; ; ; ; ;
; ; ; ; ; ; ; ; ; ; ; ; ; ; ; ;
; ; ; ; ; ; ; ; ; ; ; ; ; ; ; ;
; ; ; ; ; ; ; ; ; ; ; ; ; ; ; ;
; ; ; ; ; ; ; ; ; ; ; ; ; ; ; ;
; ; ; ; ; ; ; ; ; ; ; ; ; ; ; ;
; ; ; ; ; ; ; ; ; ; ; ; ; ; ; ;
; ; ; ; ; ; ; ; ; ; ; ; ; ; ; ;
; ; ; ; ; ; ; ; ; ; ; ; ; ; ; ;
; ; ; ; ; ; ; ; ; ; ; ; ; ; ; ;
; ; ; ; ; ; ; ; ; ; ; ; ; ; ; ;
; ; ; ; ; ; ; ; ; ; ; ; ; ; ; ;
; ; ; ; ; ; ; ; ; ; ; ; ; ; ; ;
; ; ; ; ; ; ; ; ; ; ; ; ; ; ; ;
; ; ; ; ; ; ; ; ; ; ; ; ; ; ; ;
; ; ; ; ; ; ; ; ; ; ; ; ; ; ; ;
; ; ; ; ; ; ; ; ; ; ; ; ; ; ; ;
; ; ; ; ; ; ; ; ; ; ; ; ; ; ; ;
; ; ; ; ; ; ; ; ; ; ; ; ; ; ; ;
; ; ; ; ; ; ; ; ; ; ; ; ; ; ; ;
; ; ; ; ; ; ; ; ; ; ; ; ; ; ; ;
; ; ; ; ; ; ; ; ; ; ; ; ; ; ; ;
; ; ; ; ; ; ; ; ; ; ; ; ; ; ; ;
; ; ; ; ; ; ; ; ; ; ; ; ; ; ; ;
; ; ; ; ; ; ; ; ; ; ; ; ; ; ; ;
; ; ; ; ; ; ; ; ; ; ; ; ; ; ; ;
; ; ; ; ; ; ; ; ; ; ; ; ; ; ; ;
; ; ; ; ; ; ; ; ; ; ; ; ; ; ; ;
; ; ; ; ; ; ; ; ; ; ; ; ; ; ; ;
; ; ; ; ; ; ; ; ; ; ; ; ; ; ; ;
; ; ; ; ; ; ; ; ; ; ; ; ; ; ; ;
; ; ; ; ; ; ; ; ; ; ; ; ; ; ; ;
; ; ; ; ; ; ; ; ; ; ; ; ; ; ; ;
; ; ; ; ; ; ; ; ; ; ; ; ; ; ; ;
; ; ; ; ; ; ; ; ; ; ; ; ; ; ; ;
; ; ; ; ; ; ; ; ; ; ; ; ; ; ; ;
; ; ; ; ; ; ; ; ; ; ; ; ; ; ; ;
; ; ; ; ; ; ; ; ; ; ; ; ; ; ; ;
; ; ; ; ; ; ; ; ; ; ; ; ; ; ; ;
; ; ; ; ; ; ; ; ; ; ; ; ; ; ; ;
; ; ; ; ; ; ; ; ; ; ; ; ; ; ; ;
; ; ; ; ; ; ; ; ; ; ; ; ; ; ; ;
; ; ; ; ; ; ; ; ; ; ; ; ; ; ; ;
; ; ; ; ; ; ; ; ; ; ; ; ; ; ; ;
; ; ; ; ; ; ; ; ; ; ; ; ; ; ; ;
; ; ; ; ; ; ; ; ; ; ; ; ; ; ; ;
; ; ; ; ; ; ; ; ; ; ; ; ; ; ; ;
; ; ; ; ; ; ; ; ; ; ; ; ; ; ; ;
; ; ; ; ; ; ; ; ; ; ; ; ; ; ; ;
; ; ; ; ; ; ; ; ; ; ; ; ; ; ; ;
; ; ; ; ; ; ; ; ; ; ; ; ; ; ; ;
; ; ; ; ; ; ; ; ; ; ; ; ; ; ; ;
; ; ; ; ; ; ; ; ; ; ; ; ; ; ; ;
; ; ; ; ; ; ; ; ; ; ; ; ; ; ; ;
; ; ; ; ; ; ; ; ; ; ; ; ; ; ; ;
; ; ; ; ; ; ; ; ; ; ; ; ; ; ; ;
; ; ; ; ; ; ; ; ; ; ; ; ; ; ; ;
; ; ; ; ; ; ; ; ; ; ; ; ; ; ; ;
; ; ; ; ; ; ; ; ; ; ; ; ; ; ; ;
; ; ; ; ; ; ; ; ; ; ; ; ; ; ; ;
; ; ; ; ; ; ; ; ; ; ; ; ; ; ; ;
; ; ; ; ; ; ; ; ; ; ; ; ; ; ; ;
; ; ; ; ; ; ; ; ; ; ; ; ; ; ; ;
; ; ; ; ; ; ; ; ; ; ; ; ; ; ; ;
; ; ; ; ; ; ; ; ; ; ; ; ; ; ; ;
; ; ; ; ; ; ; ; ; ; ; ; ; ; ; ;
; ; ; ; ; ; ; ; ; ; ; ; ; ; ; ;
; ; ; ; ; ; ; ; ; ; ; ; ; ; ; ;
; ; ; ; ; ; ; ; ; ; ; ; ; ; ; ;
; ; ; ; ; ; ; ; ; ; ; ; ; ; ; ;
; ; ; ; ; ; ; ; ; ; ; ; ; ; ; ;
; ; ; ; ; ; ; ; ; ; ; ; ; ; ; ;
; ; ; ; ; ; ; ; ; ; ; ; ; ; ; ;
; ; ; ; ; ; ; ; ; ; ; ; ; ; ; ;
; ; ; ; ; ; ; ; ; ; ; ; ; ; ; ;
; ; ; ; ; ; ; ; ; ; ; ; ; ; ; ;
; ; ; ; ; ; ; ; ; ; ; ; ; ; ; ;
; ; ; ; ; ; ; ; ; ; ; ; ; ; ; ;
; ; ; ; ; ; ; ; ; ; ; ; ; ; ; ;
; ; ; ; ; ; ; ; ; ; ; ; ; ; ; ;
; ; ; ; ; ; ; ; ; ; ; ; ; ; ; ;
; ; ; ; ; ; ; ; ; ; ; ; ; ; ; ;
; ; ; ; ; ; ; ; ; ; ; ; ; ; ; ;
; ; ; ; ; ; ; ; ; ; ; ; ; ; ; ;
; ; ; ; ; ; ; ; ; ; ; ; ; ; ; ;
; ; ; ; ; ; ; ; ; ; ; ; ; ; ; ;
; ; ; ; ; ; ; ; ; ; ; ; ; ; ; ;
; ; ; ; ; ; ; ; ; ; ; ; ; ; ; ;
; ; ; ; ; ; ; ; ; ; ; ; ; ; ; ;
; ; ; ; ; ; ; ; ; ; ; ; ; ; ; ;
; ; ; ; ; ; ; ; ; ; ; ; ; ; ; ;
; ; ; ; ; ; ; ; ; ; ; ; ; ; ; ;
; ; ; ; ; ; ; ; ; ; ; ; ; ; ; ;
; ; ; ; ; ; ; ; ; ; ; ; ; ; ; ;
; ; ; ; ; ; ; ; ; ; ; ; ; ; ; ;
; ; ; ; ; ; ; ; ; ; ; ; ; ; ; ;
; ; ; ; ; ; ; ; ; ; ; ; ; ; ; ;
; ; ; ; ; ; ; ; ; ; ; ; ; ; ; ;
; ; ; ; ; ; ; ; ; ; ; ; ; ; ; ;
; ; ; ; ; ; ; ; ; ; ; ; ; ; ; ;
; ; ; ; ; ; ; ; ; ; ; ; ; ; ; ;
; ; ; ; ; ; ; ; ; ; ; ; ; ; ; ;
; ; ; ; ; ; ; ; ; ; ; ; ; ; ; ;
; ; ; ; ; ; ; ; ; ; ; ; ; ; ; ;
; ; ; ; ; ; ; ; ; ; ; ; ; ; ; ;
; ; ; ; ; ; ; ; ; ; ; ; ; ; ; ;
; ; ; ; ; ; ; ; ; ; ; ; ; ; ; ;
; ; ; ; ; ; ; ; ; ; ; ; ; ; ; ;
; ; ; ; ; ; ; ; ; ; ; ; ; ; ; ;
; ; ; ; ; ; ; ; ; ; ; ; ; ; ; ;
; ; ; ; ; ; ; ; ; ; ; ; ; ; ; ;
; ; ; ; ; ; ; ; ; ; ; ; ; ; ; ;
; ; ; ; ; ; ; ; ; ; ; ; ; ; ; ;
; ; ; ; ; ; ; ; ; ; ; ; ; ; ; ;
; ; ; ; ; ; ; ; ; ; ; ; ; ; ; ;
; ; ; ; ; ; ; ; ; ; ; ; ; ; ; ;
; ; ; ; ; ; ; ; ; ; ; ; ; ; ; ;
; ; ; ; ; ; ; ; ; ; ; ; ; ; ; ;
; ; ; ; ; ; ; ; ; ; ; ; ; ; ; ;
; ; ; ; ; ; ; ; ; ; ; ; ; ; ; ;
; ; ; ; ; ; ; ; ; ; ; ; ; ; ; ;
; ; ; ; ; ; ; ; ; ; ; ; ; ; ; ;
; ; ; ; ; ; ; ; ; ; ; ; ; ; ; ;
; ; ; ; ; ; ; ; ; ; ; ; ; ; ; ;
; ; ; ; ; ; ; ; ; ; ; ; ; ; ; ;
; ; ; ; ; ; ; ; ; ; ; ; ; ; ; ;
; ; ; ; ; ; ; ; ; ; ; ; ; ; ; ;
; ; ; ; ; ; ; ; ; ; ; ; ; ; ; ;
; ; ; ; ; ; ; ; ; ; ; ; ; ; ; ;
; ; ; ; ; ; ; ; ; ; ; ; ; ; ; ;
; ; ; ; ; ; ; ; ; ; ; ; ; ; ; ;
; ; ; ; ; ; ; ; ; ; ; ; ; ; ; ;
; ; ; ; ; ; ; ; ; ; ; ; ; ; ; ;
; ; ; ; ; ; ; ; ; ; ; ; ; ; ; ;
; ; ; ; ; ; ; ; ; ; ; ; ; ; ; ;
; ; ; ; ; ; ; ; ; ; ; ; ; ; ; ;
; ; ; ; ; ; ; ; ; ; ; ; ; ; ; ;
; ; ; ; ; ; ; ; ; ; ; ; ; ; ; ;
; ; ; ; ; ; ; ; ; ; ; ; ; ; ; ;
; ; ; ; ; ; ; ; ; ; ; ; ; ; ; ;
; ; ; ; ; ; ; ; ; ; ; ; ; ; ; ;
; ; ; ; ; ; ; ; ; ; ; ; ; ; ; ;
; ; ; ; ; ; ; ; ; ; ; ; ; ; ; ;
